Customer_ID,Time_of_Purchase,Purchase_Category,Location,Purchase_Channel,Purchase_Amount,ReturnProbability,IsReturned,Return_Rate
67-939-2463,2024-07-01,Travel & Leisure (Flights,Kristinehamn,Mixed,255.42,0.9535012291228934,1,1
60-618-2561,2024-03-19,Hotels,Pedra Azul,In-Store,98.97,0.9319496147308002,1,1
64-799-3174,2024-01-15,Travel & Leisure (Flights,Buzen,In-Store,79.43,0.9305594575288795,1,2
44-786-7696,2024-10-03,Gardening & Outdoors,Zhongying,In-Store,54.74,0.9292473381894073,0,0
17-364-8685,2024-03-21,Groceries,Ebebiyin,Mixed,351.54,0.9277707509640262,0,0
64-846-7450,2024-01-25,Travel & Leisure (Flights,Shazi,In-Store,442.18,0.9259597646703467,1,2
74-353-6312,2024-03-29,Groceries,Pameungpeuk,Online,113.88,0.9250172251865669,1,2
24-662-2119,2024-04-18,Hotels,Adani,Mixed,68.59,0.9232511617526742,1,2
21-783-9242,2024-09-28,Groceries,Voskhod,In-Store,142.43,0.9225175718427311,1,1
27-010-9462,2024-08-12,Groceries,Imielin,Mixed,61.19,0.918664343852992,1,2
66-033-0540,2024-08-12,Home Appliances,Stěbořice,Online,93.52,0.9143633667915689,1,1
15-625-4047,2024-12-18,Groceries,La Unión,Online,130.92,0.9135750423414271,1,2
34-095-3364,2024-10-24,Office Supplies,Daszewice,Mixed,305.45,0.9128105623754206,1,1
54-936-4361,2024-08-12,Hotels,Paris 17,Mixed,182.89,0.9115902086161478,1,1
81-604-7906,2024-10-03,Hotels,Tewulike,Mixed,61.71,0.9084913120892851,1,2
95-675-7816,2024-01-17,Groceries,Noisy-le-Grand,Mixed,311.74,0.9076475945295588,1,2
78-822-9328,2024-04-18,Gardening & Outdoors,Bugarama,In-Store,324.22,0.9054708921927405,1,1
80-508-9866,2024-03-12,Hotels,Estância,In-Store,290.56,0.9053343310792559,1,1
55-237-7991,2024-05-18,Home Appliances,Huangtang,In-Store,125.8,0.905077036201058,0,0
86-068-2133,2024-04-23,Gardening & Outdoors,Faraulep,Mixed,234.58,0.9048614303186233,1,2
49-476-1729,2024-01-31,Travel & Leisure (Flights,Skórzec,Online,333.41,0.9048367725202706,1,1
82-572-9091,2024-02-25,Travel & Leisure (Flights,Mrągowo,In-Store,163.41,0.9035434766834004,1,1
27-018-2262,2024-11-21,Travel & Leisure (Flights,Bom Jesus do Itabapoana,In-Store,131.36,0.9020094215447232,1,1
38-912-1128,2024-03-11,Gardening & Outdoors,Béja,Mixed,301.6,0.9018108083988793,1,2
29-341-6463,2024-05-15,Travel & Leisure (Flights,Newton,Mixed,74.09,0.9014318418392253,1,2
75-518-2831,2024-09-20,Jewelry & Accessories,Fengyi,Online,106.69,0.9007178915664013,1,2
51-116-5937,2024-05-16,Travel & Leisure (Flights,Lazarat,In-Store,204.29,0.9001213765478264,1,2
16-730-2056,2024-06-15,Travel & Leisure (Flights,Vinkkilä,In-Store,169.77,0.8984296853341632,1,2
96-764-3843,2024-02-24,Office Supplies,Yongfu,In-Store,308.87,0.8921950688964382,1,2
93-413-4758,2024-05-31,Hotels,Samamiya,Online,182.6,0.8921104677575102,1,2
89-730-1134,2024-05-05,Gardening & Outdoors,Jixian,Mixed,96.18,0.8913743400464625,1,1
66-772-9922,2024-05-27,Jewelry & Accessories,Kazo,Online,363.98,0.8910387589479929,1,2
05-975-6985,2024-08-21,Hotels,Banjar Batanpoh,Mixed,171.52,0.8904709907860614,1,1
64-906-4475,2024-06-01,Travel & Leisure (Flights,Nantang,Online,201.53,0.8903900325040641,1,1
53-102-9949,2024-09-22,Sports & Outdoors,Libei,Mixed,298.93,0.8894985896257,1,2
51-387-9144,2024-07-06,Electronics,Thị Trấn Cẩm Thủy,Online,476.48,0.888987016478767,1,2
97-237-3483,2024-06-03,Health Care,Moju,Mixed,190.25,0.8879329119003199,1,2
86-044-1071,2024-04-15,Hotels,Ngawi,Mixed,467.58,0.8869024713906649,1,1
76-561-2427,2024-05-04,Travel & Leisure (Flights,Cane,Online,198.45,0.8861228416845851,1,2
30-038-8752,2024-04-16,Office Supplies,Antrukan,Mixed,365.88,0.885705320260776,1,1
73-097-0986,2024-10-30,Hotels,Fīrūzābād,In-Store,270.82,0.8854209497348362,1,1
63-743-6962,2024-01-07,Travel & Leisure (Flights,Tanushimarumachi-toyoki,In-Store,304.79,0.8849227998069399,1,1
68-391-7279,2024-07-19,Gardening & Outdoors,Pingshi,Mixed,446.92,0.8817742083751964,1,2
32-338-5967,2024-11-01,Hotels,Lebak,Online,113.57,0.8809024627838685,1,1
46-503-5589,2024-06-15,Office Supplies,Sancang,Mixed,136.2,0.8805649524312855,0,0
82-990-0504,2024-04-01,Groceries,Pélla,Online,378.87,0.8804564394970353,1,1
82-726-1255,2024-03-26,Travel & Leisure (Flights,Xinjiang,Mixed,102.91,0.8798759470468922,1,1
90-069-8934,2024-08-11,Hotels,Dhankutā,Online,109.29,0.8795286250905138,1,2
16-583-2801,2024-10-29,Gardening & Outdoors,Anchorage,In-Store,476.11,0.8795191797882016,1,2
78-091-8662,2024-10-11,Gardening & Outdoors,Prengtale,Online,141.63,0.8784768287700294,1,1
30-528-9105,2024-12-13,Gardening & Outdoors,Aksha,Online,198.36,0.8784699316089392,1,1
17-648-0171,2024-04-23,Groceries,João Câmara,Online,89.32,0.8783361083336813,1,1
36-632-2460,2024-08-08,Gardening & Outdoors,Gweedore,Mixed,131.48,0.8772843806109667,1,2
80-728-6133,2024-01-28,Gardening & Outdoors,Tamorot,Mixed,255.1,0.8746438753068833,1,1
61-663-9008,2024-06-23,Travel & Leisure (Flights,Taishihe,In-Store,475.65,0.8738775892136845,1,2
93-867-8303,2024-10-24,Gardening & Outdoors,Liangnong,In-Store,201.6,0.8734997517660135,1,1
51-546-9992,2024-12-26,Hotels,Cimara,Online,181.1,0.8732594949606259,1,2
11-802-5604,2024-05-17,Groceries,Zengfu,Online,81.18,0.8731862673738524,1,2
19-560-0717,2024-04-12,Travel & Leisure (Flights,Pombas,Mixed,460.88,0.8727320934756018,1,2
99-477-8256,2024-09-18,Gardening & Outdoors,Kāshmar,Online,343.77,0.8716553012397613,1,2
54-002-5845,2024-11-21,Electronics,Wangsi,Mixed,263.57,0.871392835884281,1,1
65-249-5416,2024-10-26,Jewelry & Accessories,Shalkar,Mixed,54.71,0.8701840887417315,1,1
51-415-1931,2024-12-27,Electronics,Kościelec,Mixed,75.27,0.8700110707668632,1,2
28-764-3337,2024-12-08,Electronics,Renshan,Mixed,175.65,0.8697644299181312,1,1
43-386-2489,2024-05-02,Food & Beverages,Naghalin,Mixed,253.29,0.869736981848166,1,1
37-611-6911,2024-03-01,Gardening & Outdoors,Évry,Mixed,333.8,0.8691018191076844,1,1
47-178-9529,2024-10-16,Jewelry & Accessories,Bida,In-Store,217.72,0.8681476197288502,1,1
49-891-9711,2024-09-25,Travel & Leisure (Flights,Veiga,Mixed,383.13,0.8678103863206049,1,2
84-954-2973,2024-03-13,Hotels,Proptisht,Mixed,102.09,0.8658589650282001,1,1
72-590-6161,2024-09-16,Gardening & Outdoors,Saltpond,Mixed,495.8,0.864925689646724,0,0
88-661-4689,2024-03-17,Books,Taocheng,Online,218.06,0.8646863512057558,1,2
99-316-9993,2024-01-22,Groceries,Staritsa,Mixed,146.59,0.863445405738743,0,0
87-806-4478,2024-01-13,Electronics,Al Jīzah,Online,151.81,0.8633568099722296,1,1
09-783-7921,2024-10-27,Gardening & Outdoors,Aristóbulo del Valle,In-Store,194.08,0.8627490543666783,0,0
20-817-9584,2024-06-17,Animal Feed,Alfeizerão,Mixed,169.28,0.8624977220974507,1,2
22-022-9256,2024-01-10,Jewelry & Accessories,Fenglu,Online,303.09,0.8623239954928039,1,2
87-934-6762,2024-05-31,Baby Products,Sollefteå,Online,341.91,0.8620424327417204,1,1
54-680-5344,2024-10-25,Office Supplies,Langkou,In-Store,318.45,0.8614226237278287,1,2
63-680-7694,2024-09-22,Hotels,Mbala,Online,154.19,0.861209245308096,1,2
04-465-1819,2024-04-18,Jewelry & Accessories,Karpogory,In-Store,354.87,0.860983527997395,1,2
17-198-5155,2024-05-21,Books,Qianjin,In-Store,52.34,0.8609430240904755,1,1
27-017-7173,2024-07-09,Software & Apps,São Miguel do Araguaia,Mixed,242.65,0.8607364910547802,1,2
30-839-5589,2024-08-20,Hotels,Yaodu,In-Store,264.3,0.8606881353729084,1,2
18-605-0795,2024-10-28,Hotels,Rudnogorsk,Online,390.83,0.8604213092316154,0,0
48-315-0196,2024-04-24,Office Supplies,Balboa,In-Store,150.33,0.8579873031711243,1,2
53-667-0793,2024-05-15,Groceries,La Tour-du-Pin,In-Store,113.01,0.8577565548930146,1,1
54-193-3526,2024-05-24,Travel & Leisure (Flights,Masaran,Online,81.25,0.8574010042975597,1,2
21-297-1223,2024-11-16,Travel & Leisure (Flights,Pancas,Mixed,124.17,0.857163861911769,1,2
84-724-8407,2024-07-17,Jewelry & Accessories,Veiga,Online,396.76,0.8568511869153771,1,2
81-515-5823,2024-07-29,Clothing,Qiankeng,Mixed,178.29,0.8560839616844174,1,2
79-297-1061,2024-11-15,Software & Apps,Kozel’shchyna,In-Store,61.86,0.8559963081958534,1,2
86-917-7481,2024-08-20,Animal Feed,Shanghu,Mixed,161.38,0.8558417936261827,1,1
10-961-9336,2024-11-09,Travel & Leisure (Flights,Dayapan,Online,78.0,0.8556228850629333,1,1
80-277-3242,2024-01-04,Travel & Leisure (Flights,Montreuil,In-Store,342.39,0.8549512747424085,1,2
50-447-5171,2024-05-13,Office Supplies,Napoli,In-Store,235.49,0.8544395009852652,1,1
23-752-2213,2024-06-04,Books,Níkaia,Online,182.72,0.8544251638359105,1,1
78-826-3039,2024-02-19,Gardening & Outdoors,Vidual,Online,228.93,0.8538415505688357,1,2
10-247-0192,2024-08-22,Groceries,Cali,Mixed,279.34,0.853540611010031,1,2
12-699-6543,2024-02-09,Clothing,Celso Ramos,Online,214.59,0.8532123830901692,1,1
00-107-4749,2024-09-19,Health Supplements,Merlo,Mixed,178.04,0.8530450746661169,1,2
02-004-0620,2024-11-10,Groceries,Lagoa Seca,Online,167.61,0.852083834891508,1,2
67-697-2331,2024-01-27,Groceries,Tanudan,Mixed,277.29,0.8512322612388878,1,2
99-509-4653,2024-06-17,Health Care,Olavarría,In-Store,298.32,0.8503544080936637,1,2
73-259-8940,2024-11-10,Hotels,Masoyila,Online,315.03,0.8499254238157418,1,1
06-357-6548,2024-07-27,Groceries,Ishikawa,Online,295.54,0.8490981251991718,1,2
04-468-5487,2024-08-17,Office Supplies,Créteil,In-Store,210.9,0.8490002898932383,1,1
03-991-2098,2024-01-19,Software & Apps,Bor,In-Store,152.33,0.8488674949452293,1,1
06-767-5206,2024-08-12,Health Supplements,Mount Darwin,In-Store,109.97,0.8477624763555611,1,1
88-395-8741,2024-06-24,Travel & Leisure (Flights,Jelat,In-Store,299.09,0.8475495998139543,1,2
94-408-2581,2024-04-17,Travel & Leisure (Flights,Bordeaux,In-Store,474.56,0.8474748461213731,1,1
93-473-7248,2024-09-15,Baby Products,Zgornje Pirniče,Online,424.27,0.8462028851019169,1,2
41-366-4205,2024-03-28,Gardening & Outdoors,Paquera,Mixed,69.78,0.8461779456934034,0,0
30-417-6981,2024-08-20,Baby Products,Jianmin,In-Store,152.87,0.8460134978287791,1,1
48-630-6410,2024-07-04,Groceries,Dom Pedrito,In-Store,438.26,0.8452508103899035,1,1
64-180-2404,2024-06-16,Gardening & Outdoors,Cendagah,Online,361.48,0.845179434745461,1,2
01-484-8220,2024-02-10,Hotels,Vsevolozhsk,In-Store,330.27,0.8446694496261127,1,1
96-772-7220,2024-11-18,Travel & Leisure (Flights,Tanjungbalai,Mixed,341.24,0.8446635251070574,1,1
75-953-8663,2024-08-03,Hotels,Acobambilla,Mixed,494.18,0.8443241183874249,1,1
68-971-6148,2024-03-19,Jewelry & Accessories,Palampal,Mixed,462.24,0.8437938421805642,1,2
07-834-3350,2024-09-01,Gardening & Outdoors,San Luis,Mixed,181.87,0.84370764024111,1,2
72-694-4159,2024-09-18,Electronics,Tewulike,Mixed,379.21,0.8433609929154899,1,1
37-126-7954,2024-08-17,Clothing,Sośno,Online,227.57,0.8433085761950706,1,1
61-926-1691,2024-10-11,Office Supplies,Waiwukak,In-Store,162.24,0.8429652252217471,1,2
89-194-0596,2024-02-10,Gardening & Outdoors,Marseille,Online,354.7,0.842096592652328,1,2
02-911-0447,2024-04-28,Travel & Leisure (Flights,Zaječov,In-Store,478.85,0.841420287519946,1,2
28-874-8938,2024-07-01,Office Supplies,Phong Điền,Mixed,266.9,0.8406948101981573,1,1
75-915-9803,2024-05-08,Baby Products,Sancha,Mixed,192.35,0.8400884599553068,1,2
43-664-4451,2024-11-30,Health Supplements,San Pablo,Online,294.99,0.8396604122163749,1,1
87-290-8263,2024-03-24,Home Appliances,Metchosin,Mixed,309.22,0.8389134145745593,1,2
02-100-4320,2024-01-11,Baby Products,Majennang,Online,71.72,0.8386505746918237,1,2
42-518-2602,2024-07-28,Home Appliances,Navoiy,In-Store,473.96,0.8385596768532715,1,2
01-023-2094,2024-04-30,Sports & Outdoors,Ngrejo,Online,480.52,0.8384289434640486,1,1
37-100-8709,2024-08-08,Office Supplies,Turinsk,Mixed,117.13,0.8378926039202933,1,1
71-667-2334,2024-07-09,Travel & Leisure (Flights,Isla Verde,Mixed,348.5,0.837320759870402,0,0
67-937-6624,2024-08-13,Software & Apps,Huambo,Mixed,166.45,0.836639284106557,1,2
52-908-9971,2024-04-04,Software & Apps,Gulou,In-Store,467.5,0.835977805757147,1,1
64-490-6975,2024-03-17,Jewelry & Accessories,Ahar,Mixed,367.7,0.8358611416767869,1,2
54-207-8349,2024-12-05,Baby Products,San Luis,Mixed,333.63,0.8355292586537574,1,2
37-560-7247,2024-10-03,Groceries,Gryfów Śląski,Online,374.36,0.8352946200919462,1,1
26-672-1285,2024-09-15,Clothing,Moutnice,In-Store,472.61,0.8351131077307375,1,1
82-474-5074,2024-07-28,Travel & Leisure (Flights,Ambatolaona,Mixed,96.86,0.8348745987730736,1,2
18-263-0366,2024-10-08,Books,Abiko,Online,139.83,0.8348675932620012,0,0
03-977-8103,2024-10-25,Books,Quebrada Canoa,Mixed,333.56,0.8347530272610537,1,2
12-440-5464,2024-04-09,Electronics,Ndungu,Online,215.31,0.832131154369164,1,1
86-359-7320,2024-02-27,Toys & Games,Phu Loc,In-Store,136.1,0.8321240993245179,0,0
84-188-6577,2024-07-01,Gardening & Outdoors,Katav-Ivanovsk,Online,163.22,0.8319143809946482,1,1
56-810-2066,2024-04-17,Home Appliances,Göteborg,In-Store,490.34,0.8317546132836305,1,2
77-761-7475,2024-12-01,Packages),Berezna,Mixed,204.44,0.8317210443447582,1,1
53-459-7870,2024-04-17,Packages),Autun,Mixed,165.01,0.8315161169129343,1,1
69-157-6752,2024-08-30,Electronics,Ebu,Online,378.71,0.8313193004350796,1,2
46-098-9737,2024-04-28,Gardening & Outdoors,Chivilcoy,In-Store,411.83,0.8306916878489287,1,1
09-948-3150,2024-11-26,Software & Apps,Boshkengash,Mixed,414.06,0.8304374169728495,1,2
20-460-9796,2024-04-01,Food & Beverages,Liuzuo,In-Store,246.63,0.8301576265313425,1,2
38-830-6976,2024-09-02,Baby Products,Puqi,Mixed,86.63,0.8287671905512031,1,2
89-392-5002,2024-11-12,Arts & Crafts,Xinqiao,Mixed,287.95,0.8275273758547286,1,2
73-942-8440,2024-10-22,Gardening & Outdoors,Марино,In-Store,112.55,0.8274790424972744,1,2
76-672-1193,2024-10-10,Travel & Leisure (Flights,Guacarí,In-Store,111.75,0.8268674928253441,1,1
82-389-2029,2024-01-02,Gardening & Outdoors,Sarishābāri,Mixed,240.82,0.8263276461724961,0,0
41-130-2570,2024-08-29,Animal Feed,Oekero,Online,332.79,0.8262823065922902,1,2
89-724-2536,2024-05-21,Arts & Crafts,Kouvola,Online,140.31,0.8262442591579511,1,2
81-054-5343,2024-02-22,Office Supplies,Lianghu,Mixed,138.44,0.8243696964617285,1,1
21-232-1397,2024-11-07,Sports & Outdoors,Bhadrapur,In-Store,190.76,0.8240197847580581,1,1
54-238-5459,2024-03-10,Jewelry & Accessories,Xinzhou,In-Store,149.52,0.8236474093147562,0,0
07-323-0255,2024-10-13,Groceries,Sakura,Online,447.53,0.8234644009823958,1,1
47-720-9520,2024-04-10,Sports & Outdoors,Chełmiec,Online,78.71,0.8231491425916032,1,1
70-699-5799,2024-05-21,Office Supplies,Jackson,In-Store,338.89,0.8224641551010416,1,2
05-710-6109,2024-03-31,Home Appliances,Malveira,Mixed,116.92,0.820634982202994,1,2
31-364-4144,2024-01-18,Animal Feed,Kostrovo,Online,105.76,0.8203721963178494,1,1
27-543-7069,2024-08-05,Home Appliances,Cockburn Town,Online,107.21,0.8201561131870455,1,2
85-738-8909,2024-07-18,Beauty & Personal Care,Juyuan,Mixed,102.73,0.8200191353815258,1,2
70-774-7728,2024-08-26,Toys & Games,Dualing,In-Store,339.63,0.8197174721449064,1,2
94-120-9525,2024-11-14,Electronics,Tamana,Online,358.5,0.8190596863860453,1,2
04-609-7885,2024-06-23,Toys & Games,Oslo,Online,160.89,0.8190443075078615,1,2
17-328-4678,2024-05-07,Packages),Quimbaya,Mixed,119.51,0.818659188856841,1,2
83-561-3374,2024-01-13,Software & Apps,Santa Maria do Souto,Mixed,489.27,0.8185643116800182,1,1
83-714-9649,2024-08-02,Home Appliances,Harstad,Online,226.53,0.8183364779294288,1,1
34-375-8138,2024-01-28,Home Appliances,Zbraslavice,Mixed,69.41,0.8183219814339374,1,1
91-572-6135,2024-10-15,Software & Apps,Chabařovice,Online,367.99,0.8182859903063553,1,2
66-086-2306,2024-11-24,Baby Products,Brandsen,In-Store,249.78,0.8180510199687223,0,0
62-797-9254,2024-06-29,Home Appliances,At-Bashi,Online,289.28,0.8180439989460275,1,2
08-117-9893,2024-10-05,Baby Products,Colombo,Mixed,411.62,0.8179828978079051,1,2
06-638-0433,2024-09-03,Travel & Leisure (Flights,Doibang,Online,79.3,0.816791724951806,1,2
09-513-4923,2024-03-27,Travel & Leisure (Flights,Kadugadung,Online,246.74,0.8158123950797592,1,1
72-830-1211,2024-06-08,Jewelry & Accessories,Cipolletti,Mixed,496.11,0.8157285019329653,1,2
57-797-8139,2024-02-09,Toys & Games,Sakété,Online,332.14,0.8147942737427379,1,1
36-274-5269,2024-10-06,Hotels,Ponte,Online,291.09,0.8143637308612564,0,0
47-947-4888,2024-06-30,Baby Products,Baisha,In-Store,326.08,0.813913386442768,1,2
73-846-1423,2024-05-24,Beauty & Personal Care,Saint Joseph,In-Store,178.21,0.8138270266022545,1,2
98-130-8811,2024-05-17,Electronics,Tilburg,Mixed,212.8,0.8134955219359865,1,1
20-157-8631,2024-01-12,Electronics,Rat Burana,Online,63.91,0.8134530568150288,0,0
95-148-1769,2024-03-17,Clothing,Linao,In-Store,96.52,0.8131482519023046,1,1
67-599-9267,2024-04-08,Arts & Crafts,Lomintsevskiy,In-Store,164.44,0.8127975172830438,1,1
90-170-1951,2024-08-15,Electronics,Caitang,Online,204.47,0.8126233637457481,1,2
60-073-3575,2024-03-03,Books,Ełk,Mixed,276.77,0.8125032059397466,1,1
93-093-0556,2024-09-16,Sports & Outdoors,Pan-an,In-Store,454.36,0.8124303049126275,1,1
03-827-4021,2024-06-03,Groceries,Moate,Mixed,129.82,0.8123509369012136,1,2
79-884-5600,2024-03-03,Books,Goiatuba,Online,245.14,0.8120724290089434,1,1
93-649-9356,2024-02-16,Electronics,Cibuah,Mixed,343.77,0.811868143606274,1,2
56-506-4709,2024-11-16,Arts & Crafts,Glendale,In-Store,135.8,0.8117701062072373,1,1
96-484-1000,2024-11-08,Gardening & Outdoors,Xiangshan,In-Store,258.02,0.8115859011493538,1,2
35-198-9248,2024-03-04,Toys & Games,Rzewnie,In-Store,263.15,0.811537793476211,1,1
67-209-0990,2024-07-27,Books,Stoczek Łukowski,In-Store,373.01,0.8113479139448674,1,1
67-935-7964,2024-11-09,Office Supplies,Nikolayevsk,In-Store,205.49,0.8108571475860115,1,2
31-147-6197,2024-11-23,Office Supplies,Jiangcun,Mixed,268.93,0.810714832775107,1,1
15-354-9904,2024-09-01,Groceries,Bagahanlad,Online,338.2,0.8106004914764559,1,1
19-885-2597,2024-08-04,Health Supplements,La Montañita,Mixed,239.46,0.8103001387528944,1,2
25-839-8670,2024-07-06,Health Supplements,Tála,In-Store,382.24,0.8097752500294423,1,1
53-042-5685,2024-03-14,Jewelry & Accessories,Sula,In-Store,373.05,0.809453507438547,1,1
04-563-9091,2024-02-14,Office Supplies,Puqian,Mixed,328.21,0.8092483377574597,1,2
78-272-6417,2024-08-07,Jewelry & Accessories,Marseille,Mixed,163.14,0.8091203062480307,1,1
19-383-9741,2024-04-07,Toys & Games,Zarechnyy,Mixed,161.41,0.8078555884518803,1,1
94-692-4313,2024-09-13,Animal Feed,Péfki,Online,56.02,0.8077832365704002,1,1
08-733-0300,2024-07-01,Books,Oslo,Mixed,247.51,0.8073765674453571,1,1
18-841-7253,2024-10-15,Books,Xingxi,Mixed,409.98,0.8069165691159783,1,2
99-945-7193,2024-04-30,Hotels,Lemery,Mixed,254.29,0.8066069730335212,1,1
40-232-5631,2024-10-30,Software & Apps,Suvorov,Online,227.47,0.8064969904351403,1,1
45-776-7217,2024-03-03,Baby Products,Binagadi,In-Store,140.87,0.8061971753991526,1,2
53-240-2040,2024-03-23,Gardening & Outdoors,Itaguaí,Mixed,222.63,0.8061537433482033,1,2
53-143-6147,2024-03-21,Health Care,Amsterdam Nieuw West,In-Store,179.19,0.8061098207807152,1,2
89-189-3295,2024-10-01,Office Supplies,Vereshchagino,In-Store,246.41,0.8060515726012181,1,2
71-486-8561,2024-11-20,Jewelry & Accessories,Macayug,In-Store,260.22,0.8058798971572517,1,2
08-185-6608,2024-01-22,Baby Products,Podbrdo,Online,468.16,0.8056330930192701,1,1
10-430-5821,2024-11-09,Software & Apps,Kapan,Mixed,214.82,0.8055585620465557,1,1
81-111-7832,2024-06-16,Animal Feed,Pelasgía,Online,378.87,0.8052707908717903,1,2
21-755-8745,2024-05-31,Packages),Montpellier,Mixed,136.53,0.8048220493225214,1,1
14-249-1256,2024-02-13,Beauty & Personal Care,Marolambo,Mixed,58.29,0.8044470241130657,1,1
14-305-8712,2024-06-15,Mobile Accessories,Bronnitsy,Online,454.38,0.8039414594370587,0,0
53-639-3774,2024-02-01,Travel & Leisure (Flights,Qinghaihu,Mixed,299.31,0.8038235105131161,1,2
64-706-7841,2024-11-08,Gardening & Outdoors,Kragan,Online,320.94,0.8035928750299679,1,2
70-207-6999,2024-08-05,Office Supplies,Dakingari,Online,383.33,0.8032153165574704,1,1
27-742-2776,2024-09-22,Toys & Games,Fteliá,Mixed,71.95,0.8025630632046468,1,2
64-769-5737,2024-04-06,Home Appliances,Acheng,Mixed,430.75,0.8025151892787282,1,1
82-133-0444,2024-02-02,Groceries,Hägersten,Mixed,436.57,0.8024254997154001,1,2
67-037-2087,2024-12-04,Hotels,Gobojango,Mixed,485.77,0.8020154200223352,1,2
44-938-7475,2024-03-26,Hotels,Tochio-honchō,Mixed,81.23,0.8016685068829923,1,1
06-647-3248,2024-04-13,Electronics,Yuannan,Mixed,114.03,0.8013774262701857,1,1
55-279-3045,2024-04-14,Hotels,Pasadena,Online,257.43,0.8012106899059993,1,1
01-799-2615,2024-07-28,Furniture,Limoges,In-Store,64.5,0.8011880660360868,1,1
96-915-4091,2024-09-26,Electronics,Ḩawallī,Online,398.97,0.8006924971449068,1,2
64-803-7087,2024-10-09,Groceries,São João dos Inhamuns,Online,251.54,0.8006382873863315,1,2
90-602-3583,2024-08-09,Home Appliances,Mocho,Mixed,283.78,0.7997232434235929,0,0
26-235-6745,2024-02-09,Jewelry & Accessories,Kyoto,Mixed,63.6,0.7988934360229841,1,2
04-545-9162,2024-04-25,Electronics,Tiang,Mixed,463.15,0.7988093023328278,1,1
45-631-4619,2024-08-23,Office Supplies,Bayḩān,Online,371.12,0.7987042760217495,1,1
70-014-6406,2024-03-24,Packages),Kobe,Online,171.72,0.7986087430584456,1,1
06-061-0023,2024-04-19,Hotels,Kembé,In-Store,479.62,0.7981526750638208,1,1
39-499-3854,2024-06-11,Hotels,Huaidao,Online,166.0,0.7978007450794672,1,2
25-096-6830,2024-08-15,Mobile Accessories,La Guata,Online,203.13,0.7974591357442391,1,1
86-182-9556,2024-07-05,Electronics,Port Elizabeth,Mixed,210.21,0.7967762202852753,0,0
39-636-5871,2024-11-24,Baby Products,Bilice,In-Store,362.01,0.7963366901545019,1,2
64-120-6212,2024-02-11,Books,Fubin,In-Store,389.47,0.7962315634502225,1,1
66-050-6391,2024-10-19,Sports & Outdoors,Tecpán Guatemala,Online,64.49,0.7959335559632511,1,1
00-285-9607,2024-05-28,Clothing,Sobinka,Mixed,491.49,0.7957291601486232,1,2
57-372-5969,2024-09-11,Clothing,Bogovarovo,Mixed,442.29,0.795636295388728,1,1
10-232-0685,2024-01-23,Groceries,Yangping,In-Store,359.75,0.7956173757238029,1,1
60-470-3563,2024-05-08,Gardening & Outdoors,Malasin,Online,498.33,0.7952738287377101,1,1
71-354-5174,2024-04-20,Software & Apps,Tsuen Wan,In-Store,151.25,0.7949464872519524,1,1
47-460-8015,2024-03-06,Books,Yaizu,Online,359.45,0.7944958769602453,1,1
35-644-3184,2024-03-04,Mobile Accessories,Těšany,Online,160.25,0.7941504109961475,1,2
00-335-5034,2024-08-12,Home Appliances,Sanxing,In-Store,411.4,0.7937088335229577,1,2
03-023-9932,2024-04-24,Groceries,Xiaruyue,In-Store,481.78,0.7936916005103776,1,2
56-719-7145,2024-08-12,Clothing,Jinqiao,Mixed,333.15,0.7934573336823671,1,1
79-960-1714,2024-03-25,Travel & Leisure (Flights,Nyköping,In-Store,370.54,0.792756279709145,1,1
23-246-5927,2024-05-11,Books,Rawa Mazowiecka,Mixed,249.6,0.7920824446217033,1,2
75-083-3608,2024-07-16,Sports & Outdoors,Hongguang,Mixed,414.83,0.7917797687915457,1,2
48-825-0400,2024-11-11,Books,Sävedalen,In-Store,407.88,0.7914074311573643,1,1
08-977-4418,2024-07-28,Electronics,Reuleuet,In-Store,371.84,0.7912147294818482,1,2
27-571-9402,2024-05-26,Home Appliances,São Torcato,Mixed,78.64,0.7911831175576135,0,0
46-978-3874,2024-01-10,Groceries,Rio Pardo,Online,91.34,0.7911495147856863,0,0
09-332-0236,2024-12-25,Baby Products,San Marcos,Mixed,51.86,0.7908985748241871,1,2
47-710-5471,2024-09-04,Beauty & Personal Care,Huangtan,Online,199.64,0.7908051423090574,1,1
40-347-2903,2024-04-19,Jewelry & Accessories,Kefar Yona,In-Store,425.82,0.7905227343949454,1,1
38-478-2681,2024-12-04,Home Appliances,Kyonju,Online,177.05,0.7894628633636539,1,2
86-097-9642,2024-06-30,Jewelry & Accessories,Leon Postigo,In-Store,91.63,0.7892364693664558,0,0
67-073-5578,2024-07-14,Groceries,São Mateus do Maranhão,Mixed,53.45,0.7891833983283915,1,1
23-617-2637,2024-01-22,Software & Apps,Hekou,Mixed,180.21,0.7887635438820919,1,1
78-361-5100,2024-12-12,Office Supplies,As Sawdā,In-Store,52.24,0.7881228365225947,1,2
20-939-3906,2024-09-13,Electronics,Nanchangshan,Online,130.84,0.7879919772902282,1,2
98-376-8787,2024-10-31,Electronics,Pho Duc,Mixed,85.52,0.7879178593304109,1,1
94-288-4423,2024-12-17,Beauty & Personal Care,Qal‘eh-ye Khvājeh,In-Store,310.23,0.787836109189154,0,0
34-016-7909,2024-01-04,Office Supplies,Osorno,Mixed,131.85,0.787122659605438,1,1
37-783-6086,2024-05-13,Beauty & Personal Care,Mértola,Online,111.27,0.7870653838139159,1,2
55-846-2579,2024-09-04,Software & Apps,Kiev,Mixed,378.14,0.7864643792073092,1,1
33-243-8793,2024-07-08,Luxury Goods,Semenivka,In-Store,163.4,0.7861410153179196,1,2
84-649-5117,2024-03-15,Office Supplies,Huzhen,Mixed,426.22,0.7861111874775455,1,1
15-530-3861,2024-11-07,Clothing,Bayan Tuohai,Online,111.7,0.7856664036881424,1,2
17-344-8603,2024-11-15,Animal Feed,Al Jīzah,In-Store,319.38,0.7855214960149454,1,1
14-415-2802,2024-07-16,Health Supplements,Sauri,Mixed,408.81,0.7847049878221721,1,1
06-160-8063,2024-10-20,Sports & Outdoors,Latacunga,Online,114.44,0.7845874390050497,1,1
07-560-6637,2024-03-11,Clothing,Lobuk,In-Store,287.18,0.7842700908729412,0,0
87-056-8987,2024-12-29,Groceries,Negeriagung,In-Store,491.92,0.7840099680338093,1,1
77-742-5663,2024-09-27,Jewelry & Accessories,Qingban,Online,375.7,0.7837046303568131,1,2
15-640-6493,2024-11-27,Animal Feed,Dālbandīn,In-Store,184.74,0.7833486116848224,1,1
62-974-7965,2024-10-15,Travel & Leisure (Flights,Újezd,In-Store,58.27,0.7832126689289268,1,1
46-662-1571,2024-03-31,Packages),La Laja,Online,300.73,0.7830617273349957,1,2
72-728-4406,2024-04-11,Packages),Liutan,In-Store,143.52,0.7828462728914337,1,2
27-262-6874,2024-07-24,Books,Yuyapichis,Mixed,473.5,0.7825252839122552,1,2
71-975-9564,2024-02-23,Gardening & Outdoors,Klonowa,Online,127.66,0.7820435685459621,1,2
91-440-0011,2024-07-10,Sports & Outdoors,Shiree,Online,474.99,0.7812572985640484,0,0
51-320-2801,2024-10-03,Groceries,Mouquim,In-Store,122.99,0.7809518937456216,1,1
62-892-2088,2024-11-23,Software & Apps,Huakoulongtan,Mixed,370.17,0.7802931949112367,1,1
52-779-8972,2024-05-23,Food & Beverages,Florida,In-Store,164.79,0.7799758270168355,1,2
11-850-1953,2024-09-17,Packages),Beizhakou,In-Store,293.64,0.7797973506765876,1,2
51-220-3072,2024-07-18,Mobile Accessories,Shuntian,In-Store,164.94,0.7792719563145057,1,2
68-201-1633,2024-03-21,Software & Apps,Maño,Mixed,449.18,0.7787908838138229,0,0
40-149-8247,2024-09-05,Home Appliances,Qiman,In-Store,336.96,0.7785436282331704,0,0
03-180-9200,2024-05-17,Packages),Curumaní,In-Store,142.7,0.7785351320849687,0,0
67-676-5945,2024-06-12,Baby Products,Legaspi,In-Store,446.69,0.7785257071574639,1,1
89-302-8461,2024-10-30,Packages),Nymburk,Mixed,290.11,0.7767704729171339,1,1
61-627-1822,2024-06-26,Jewelry & Accessories,Huquan,In-Store,446.03,0.7766661149383403,1,2
53-070-2625,2024-07-13,Mobile Accessories,Embu Guaçu,Online,460.37,0.7764700382717435,1,2
41-009-7879,2024-01-10,Hotels,Anyang,Mixed,156.5,0.7764288016466246,0,0
05-546-5128,2024-03-04,Sports & Outdoors,Clichy,In-Store,445.34,0.7758671784862825,1,1
18-452-1635,2024-09-12,Sports & Outdoors,Pasto,In-Store,210.58,0.7758611175704422,1,1
84-894-9222,2024-10-07,Sports & Outdoors,Pryamitsyno,Online,418.83,0.7758609017731639,1,1
45-584-7333,2024-03-04,Electronics,Tabonok,In-Store,370.38,0.7758335488619187,1,1
51-917-0766,2024-05-14,Groceries,Araci,In-Store,277.52,0.7755504727786242,1,1
69-157-9577,2024-08-13,Toys & Games,Paisha,Mixed,396.82,0.7755008671632472,1,1
46-167-7999,2024-07-16,Beauty & Personal Care,Poá,Mixed,108.5,0.7751337685457445,1,1
57-587-4005,2024-08-29,Toys & Games,Pameungpeuk,Online,228.47,0.7745007800776591,1,1
23-039-9347,2024-05-15,Health Supplements,Yatsuomachi-higashikumisaka,In-Store,214.69,0.7738618369530225,1,1
18-793-9543,2024-03-18,Furniture,Montería,Online,450.47,0.7738500734044933,1,2
39-731-8532,2024-06-15,Arts & Crafts,Colón,Online,176.12,0.7734366020577679,1,1
66-974-6707,2024-10-09,Mobile Accessories,Mi’ersi,Mixed,228.68,0.7730504560619644,1,1
36-214-1586,2024-02-20,Books,Halinów,Online,186.85,0.7727366968933058,1,2
27-672-6081,2024-09-17,Groceries,Bangbayang,Mixed,246.44,0.7722116963443693,0,0
06-008-2805,2024-11-25,Sports & Outdoors,Shādegān,Mixed,462.3,0.772084309009614,1,2
70-761-3550,2024-07-24,Books,Kovářov,Online,257.12,0.7718160208423379,1,2
79-759-6726,2024-09-24,Home Appliances,Kłoczew,In-Store,151.73,0.7716377638724633,1,1
36-649-0081,2024-09-12,Hotels,Beigucheng,Online,400.86,0.7716016727383984,1,1
06-594-3417,2024-12-23,Software & Apps,Panagyurishte,In-Store,344.81,0.7714002326802011,1,1
73-707-2809,2024-01-23,Gardening & Outdoors,Hacienda La Calera,Mixed,227.58,0.7709120373718575,1,1
48-609-7715,2024-11-02,Jewelry & Accessories,Aguilares,Mixed,426.89,0.7708352160465298,1,1
69-692-0614,2024-04-21,Mobile Accessories,Shāhzādpur,Online,214.48,0.7707481956264236,1,1
02-653-5884,2024-07-13,Arts & Crafts,Zalţan,Online,164.27,0.7706398176960924,1,2
90-363-8040,2024-12-19,Health Care,"Hospitalet De Llobregat, L'",Online,483.23,0.7706125290859239,0,0
19-344-0102,2024-10-09,Home Appliances,Jardin,Online,459.3,0.770467207623465,1,2
38-242-3251,2024-03-03,Arts & Crafts,Majdal Banī Fāḑil,In-Store,293.04,0.7702838368470836,1,1
89-438-5310,2024-04-30,Travel & Leisure (Flights,Seleuš,In-Store,231.26,0.7701768085371176,1,2
83-792-5141,2024-06-25,Home Appliances,Chengguan,Online,101.7,0.7687943513474512,1,2
24-878-4507,2024-08-06,Clothing,Lenart v Slov. Goricah,Mixed,327.05,0.7683280041648263,1,2
03-992-3728,2024-09-05,Groceries,‘Arad,In-Store,339.32,0.7682965674645974,1,1
81-225-6647,2024-06-03,Animal Feed,Changbai,Online,120.56,0.7682267366219636,1,2
53-091-2176,2024-03-30,Baby Products,Béziers,In-Store,106.15,0.7680566506639507,0,0
27-111-2242,2024-10-01,Electronics,Jembangan,Mixed,249.02,0.7680443083289377,1,1
43-612-8079,2024-04-24,Sports & Outdoors,Colima,Online,250.73,0.7679981414595205,1,1
98-535-8497,2024-09-15,Clothing,Lincheng,Mixed,105.87,0.767993992669328,1,1
42-101-8525,2024-08-23,Gardening & Outdoors,Curahkalak Tengah,Mixed,301.01,0.7678612916318773,1,2
63-808-3641,2024-07-03,Home Appliances,Pointe Michel,Online,222.61,0.7678074563146872,1,1
25-560-4506,2024-09-18,Health Supplements,Paya Dapur,Mixed,254.83,0.7672293037506447,1,1
09-369-0588,2024-04-16,Gardening & Outdoors,Dalumangcob,In-Store,333.18,0.7671856703432672,1,2
90-888-8726,2024-01-26,Jewelry & Accessories,Saint-Jouan-des-Guérets,In-Store,347.09,0.7668887114176487,1,2
04-213-4617,2024-01-30,Food & Beverages,Xibër-Murrizë,Mixed,414.8,0.7666641197646462,1,2
72-454-2741,2024-10-22,Packages),Belene,Online,258.68,0.7665588514817563,0,0
83-455-7266,2024-08-03,Toys & Games,Créteil,Mixed,235.84,0.7664835494627159,1,2
46-452-3822,2024-01-25,Furniture,Genting,Mixed,195.83,0.7658693192781681,1,1
28-832-2885,2024-05-25,Home Appliances,Mosal’sk,Online,235.39,0.7657645845006646,0,0
40-520-3271,2024-11-13,Health Supplements,Zhongcheng,In-Store,235.46,0.7653130449168296,0,0
39-090-0124,2024-08-17,Gardening & Outdoors,Tafo,Online,73.74,0.7652342710444081,1,1
37-128-5425,2024-08-04,Toys & Games,Manchester,Online,392.08,0.7652192904526247,1,2
35-418-0288,2024-02-02,Baby Products,Spasskoye,In-Store,198.73,0.7652009274380869,1,1
67-159-7366,2024-07-08,Electronics,Monastyrshchina,In-Store,490.75,0.7649682009411842,1,1
55-944-9669,2024-11-15,Clothing,Sobeok,Mixed,249.73,0.7647085866881299,1,1
01-404-3425,2024-10-30,Home Appliances,Talshand,Mixed,370.05,0.7645791113744782,1,1
13-571-6506,2024-07-02,Animal Feed,Muslyumovo,Mixed,365.37,0.7641396437878268,1,1
71-817-5422,2024-07-07,Jewelry & Accessories,Vetluga,Mixed,195.46,0.7639983586175444,0,0
38-943-5744,2024-08-06,Jewelry & Accessories,Carregueira,Online,288.15,0.7639384980856333,1,1
75-847-7630,2024-07-26,Baby Products,Adela,Mixed,439.24,0.763925061724867,1,2
53-437-2629,2024-04-08,Books,Chenguang,Mixed,411.81,0.7637647158057426,1,1
22-106-8347,2024-06-18,Toys & Games,Bigaa,In-Store,334.45,0.763164769885339,1,2
30-975-0306,2024-04-06,Animal Feed,Gaowu,Online,105.64,0.7629850772763925,1,2
30-567-4471,2024-12-04,Clothing,Parumasan,Online,373.69,0.7628605399420284,1,1
70-108-1493,2024-08-30,Office Supplies,Dobrica,In-Store,365.1,0.7621743676849725,1,1
43-920-9499,2024-09-26,Food & Beverages,Tarata,Mixed,364.48,0.7621722766207428,1,2
66-894-5431,2024-05-02,Mobile Accessories,Zarasai,Online,473.77,0.7619137280767924,1,2
74-033-1145,2024-01-18,Jewelry & Accessories,Mranggen,Mixed,489.66,0.7616773317789395,1,2
51-431-7150,2024-11-03,Furniture,Shiqiao,In-Store,84.15,0.760982206604066,1,2
11-820-5039,2024-06-21,Office Supplies,Galán,Online,125.68,0.7608923347307754,1,1
79-384-7469,2024-05-28,Groceries,Xudat,Mixed,50.79,0.760476490435292,0,0
23-758-1012,2024-02-03,Books,Myingyan,In-Store,190.06,0.7600024373008077,1,1
58-502-7490,2024-05-15,Health Supplements,Sinchao,Mixed,236.44,0.7598582104481624,1,2
88-051-0567,2024-08-13,Toys & Games,Trondheim,In-Store,372.26,0.7596839906306161,1,1
86-771-9082,2024-12-08,Sports & Outdoors,Ugljevik,Online,401.75,0.7595195560847123,1,1
67-639-5838,2024-03-28,Packages),Shimorskoye,In-Store,216.84,0.7593799852723271,1,1
79-939-5393,2024-08-21,Office Supplies,Camalote,Mixed,182.54,0.7579530884454668,1,1
67-593-9579,2024-06-26,Baby Products,Rozhdestveno,Online,71.0,0.757929542504865,1,2
97-463-0048,2024-04-09,Sports & Outdoors,Mangge,Mixed,302.07,0.7577982060388542,1,2
33-203-4230,2024-09-24,Software & Apps,Perbaungan,Mixed,218.32,0.7577942038316735,1,2
56-592-0089,2024-04-14,Health Care,Hengshui,Mixed,170.71,0.7577443159421797,1,1
30-133-5120,2024-05-25,Books,Brikcha,In-Store,448.68,0.757426404278845,1,1
63-684-4073,2024-05-06,Electronics,Blokdesa Situgede,Mixed,331.57,0.7573008316699718,1,1
04-352-1558,2024-07-28,Home Appliances,Wang Yang,Online,123.7,0.7566163306236053,1,1
28-855-1639,2024-05-15,Electronics,Jiaozuo,Online,445.93,0.75601068132349,1,2
81-814-3498,2024-08-27,Hotels,Pīrgaaj,Online,483.66,0.7557878715586128,1,2
78-905-2660,2024-06-09,Beauty & Personal Care,Damnoen Saduak,Online,235.32,0.7555190219285841,1,1
24-241-7171,2024-05-28,Health Supplements,Huaqiu,Mixed,182.94,0.7553682775590465,1,2
93-675-1619,2024-08-10,Animal Feed,Vília,In-Store,203.49,0.7547374314763702,1,1
73-698-2326,2024-07-05,Baby Products,Daying,Mixed,251.8,0.7544171644122389,1,1
93-957-6269,2024-09-08,Home Appliances,Thaton,Mixed,278.49,0.7539482734929384,1,1
73-991-0066,2024-05-01,Baby Products,San Marcos de Colón,Online,418.51,0.7538609238604679,1,2
82-975-8569,2024-01-06,Luxury Goods,Paris 15,Mixed,128.74,0.7538393404401371,1,1
86-390-9555,2024-05-30,Groceries,Pegões,Online,436.54,0.7536428223467431,1,1
29-987-3969,2024-06-03,Beauty & Personal Care,Orlando,Mixed,193.3,0.7535429325174762,1,2
26-596-5461,2024-08-04,Electronics,Payapa,Online,170.77,0.7535018613937691,1,2
15-146-4456,2024-12-21,Animal Feed,Hexiangqiao,Mixed,489.67,0.7534104075448436,1,1
60-834-3348,2024-07-09,Jewelry & Accessories,Gafargaon,In-Store,433.14,0.7534051071927668,1,2
51-302-9537,2024-02-29,Animal Feed,Cibeusi,Mixed,492.74,0.7533247089531333,1,1
50-637-1630,2024-03-29,Electronics,Inderka,Mixed,427.94,0.7533195672451665,1,1
53-013-1026,2024-04-13,Health Supplements,Duyure,Online,53.67,0.751561227880415,0,0
37-065-3182,2024-06-10,Office Supplies,Gråbo,In-Store,201.96,0.7515242036881221,1,1
61-794-8438,2024-07-07,Health Care,Rakhiv,Online,133.04,0.7513925241959966,1,2
33-787-2143,2024-04-22,Travel & Leisure (Flights,Gierłoż,Mixed,265.72,0.7513351008235235,0,0
66-949-9895,2024-01-25,Electronics,Vendargues,In-Store,83.5,0.7510917146086341,1,2
03-422-8710,2024-03-19,Sports & Outdoors,Yuanguping,Mixed,425.18,0.7510474762330559,1,1
84-162-8799,2024-11-12,Jewelry & Accessories,Khilok,In-Store,385.08,0.7509450963066036,1,1
38-940-4942,2024-12-15,Health Care,Faqqū‘ah,Mixed,490.41,0.7506899061022682,0,0
92-142-9480,2024-02-18,Clothing,Aubergenville,Mixed,319.66,0.7504460735158185,1,1
89-754-7244,2024-09-28,Mobile Accessories,El Caño,Mixed,161.34,0.7500289342447378,1,1
29-067-4901,2024-07-07,Health Supplements,Arhust,Online,227.03,0.7499615055750243,1,2
77-401-8183,2024-01-15,Baby Products,Phúc Thọ,Mixed,349.0,0.7498269548602347,1,1
17-551-9779,2024-04-04,Beauty & Personal Care,Marabahan,In-Store,221.88,0.7496017100898622,1,1
22-579-3978,2024-01-06,Clothing,Arendal,Online,88.78,0.749529460795851,1,1
80-830-3184,2024-03-03,Jewelry & Accessories,Lyon,Online,70.3,0.7493348157723844,1,1
51-313-7293,2024-11-16,Jewelry & Accessories,Malakhovka,In-Store,236.05,0.7492497828371778,1,1
73-367-8478,2024-02-06,Packages),Giesteira,Online,52.79,0.7490885847343149,1,1
79-939-2140,2024-01-12,Health Care,Yishui,Online,50.78,0.7480468677350615,1,1
86-257-9581,2024-03-08,Gardening & Outdoors,Wādī as Salqā,In-Store,497.76,0.7478786194254511,1,2
28-123-8406,2024-01-29,Beauty & Personal Care,Shimen,In-Store,122.58,0.7476682522743091,1,2
31-060-2716,2024-09-10,Groceries,High Point,Mixed,441.87,0.7471731004714658,0,0
13-588-2488,2024-05-05,Sports & Outdoors,Huanggang,Mixed,276.48,0.7467635302663364,0,0
71-780-8195,2024-05-07,Toys & Games,Selasari,In-Store,212.08,0.7465753111633904,1,1
39-867-1989,2024-01-29,Mobile Accessories,Gaopeng,In-Store,306.17,0.746378609251031,0,0
83-427-3218,2024-01-28,Furniture,White River,In-Store,467.32,0.7463739073515568,1,2
85-192-9218,2024-06-29,Health Care,Kisovec,Mixed,297.24,0.7456379065384504,0,0
12-417-5609,2024-07-01,Baby Products,Iwade,Online,462.96,0.7454016766042945,1,2
10-079-8237,2024-04-14,Mobile Accessories,Hejiang,Mixed,309.53,0.7446230804297405,1,2
60-005-5187,2024-01-18,Electronics,Bailadores,Mixed,197.9,0.7443054238756412,0,0
53-380-3968,2024-04-04,Food & Beverages,Qingyun,In-Store,427.82,0.743528147262358,1,1
03-950-6074,2024-09-13,Software & Apps,Strabychovo,Mixed,371.58,0.7434887897882363,0,0
42-969-0735,2024-02-29,Packages),Jiuxian,In-Store,282.82,0.7432798593603045,1,2
74-431-0242,2024-12-27,Health Care,Point Pedro,In-Store,250.54,0.7426846976353317,1,2
05-067-9686,2024-11-16,Toys & Games,Xilu,Online,207.18,0.7424590508997122,1,1
65-533-1660,2024-09-25,Home Appliances,Palma De Mallorca,In-Store,415.3,0.7419576299099119,1,1
62-273-8089,2024-10-06,Health Care,Pokrovka,In-Store,85.03,0.741941177231406,0,0
22-311-5460,2024-05-10,Arts & Crafts,Bronnitsy,Online,80.17,0.7415639984320803,1,1
91-695-8237,2024-06-11,Arts & Crafts,Kryva Hora,Online,238.58,0.7415575800899207,1,2
28-947-4295,2024-10-20,Beauty & Personal Care,Mozdok,In-Store,325.42,0.7414157696254631,1,1
82-014-2564,2024-03-06,Groceries,Yelyzavethradka,In-Store,461.34,0.7409315072291545,1,1
52-240-3825,2024-04-22,Home Appliances,Jolo,Mixed,326.82,0.7404595302367676,1,2
22-352-0576,2024-04-04,Food & Beverages,Nabīnagar,Online,465.85,0.740083791739828,1,2
31-788-0864,2024-10-18,Beauty & Personal Care,Karlstad,In-Store,226.48,0.7399767452335769,1,2
09-737-8354,2024-05-27,Animal Feed,Tandahimba,In-Store,173.43,0.7391394182003113,1,2
91-602-0761,2024-10-21,Animal Feed,Espírito Santo do Pinhal,In-Store,264.01,0.7383924980530374,1,1
92-908-5062,2024-08-20,Home Appliances,Shiroishi,In-Store,72.8,0.7382174244388755,1,2
28-225-4286,2024-01-26,Mobile Accessories,Paris 06,Mixed,282.13,0.738206021104052,1,1
38-069-8615,2024-01-20,Software & Apps,Takāb,Mixed,242.79,0.7376742735025704,1,1
36-323-3504,2024-05-13,Food & Beverages,Fengtai,Online,377.67,0.7374653633247873,1,2
20-419-0341,2024-06-28,Beauty & Personal Care,Pergan,Mixed,469.9,0.7372728917531398,1,1
96-229-1698,2024-06-21,Animal Feed,Jinping,In-Store,91.27,0.7369761007551119,1,2
68-296-5978,2024-09-18,Hotels,Kadumelati,Mixed,218.87,0.7363630321731487,0,0
26-521-8328,2024-10-15,Furniture,Fengjiang,Online,378.59,0.7358197898889274,0,0
86-268-2904,2024-07-12,Jewelry & Accessories,Pindiga,Online,158.84,0.7348937104262466,1,1
14-854-9545,2024-02-01,Home Appliances,Karabash,Mixed,440.62,0.7348731484953225,1,1
43-595-0966,2024-04-20,Software & Apps,Sabon Gari-Nangere,In-Store,268.8,0.7347902553361614,1,1
85-366-1482,2024-11-29,Health Care,Badajoz,Mixed,224.52,0.7347727073519281,1,1
94-969-6819,2024-01-24,Health Care,Gustavsberg,Online,77.65,0.7345360615102251,1,2
82-692-9306,2024-06-10,Baby Products,Ropa,In-Store,356.22,0.7344656234056246,1,1
33-264-2822,2024-02-25,Toys & Games,Lugo,In-Store,371.32,0.7338635624304858,1,2
48-918-4473,2024-04-27,Software & Apps,Pingtian,Online,405.66,0.7335557386938342,1,1
08-652-2085,2024-04-09,Animal Feed,Postřekov,In-Store,227.03,0.7331204383066107,1,2
45-337-1798,2024-07-26,Baby Products,Al Qārah,In-Store,337.17,0.7331022357183636,1,1
21-048-8669,2024-05-25,Food & Beverages,Pantenan,In-Store,247.05,0.7326750797915317,1,1
10-330-6387,2024-04-15,Furniture,Yeniköy,Mixed,129.1,0.7324121376300349,0,0
36-835-7445,2024-07-19,Mobile Accessories,Văn Giang,Mixed,57.39,0.73206979862863,0,0
91-170-9072,2024-01-30,Furniture,Nara,Mixed,211.7,0.73169448555001,1,2
94-746-2001,2024-11-18,Office Supplies,Fandriana,Mixed,489.1,0.7313667232346056,1,2
23-085-0811,2024-09-06,Health Care,Da’an,Mixed,345.49,0.7308727072608279,0,0
78-824-1887,2024-06-06,Travel & Leisure (Flights,Junshan,Mixed,121.57,0.7305933397702491,0,0
07-479-3919,2024-10-31,Sports & Outdoors,Kýthnos,Online,171.61,0.7304443773193598,1,1
33-484-6674,2024-07-06,Packages),Porangatu,In-Store,280.05,0.730303937287406,1,1
48-343-1220,2024-08-12,Jewelry & Accessories,Kolsko,Mixed,335.32,0.7302780644698467,0,0
74-281-3421,2024-04-13,Food & Beverages,Panyam,Mixed,96.68,0.7302114869635304,1,2
85-666-7449,2024-08-24,Health Supplements,Zhongzhang,In-Store,338.6,0.730035401276993,1,1
12-839-8066,2024-09-25,Software & Apps,Muaratiga,In-Store,399.58,0.7297339313557266,1,1
44-715-9594,2024-09-03,Electronics,Yakovlevo,Mixed,208.59,0.7292803408076997,0,0
11-121-0709,2024-09-02,Health Supplements,Kara Suu,Online,410.29,0.7292530985881159,1,2
29-779-3457,2024-01-04,Office Supplies,Huangni,In-Store,323.39,0.7289560534895909,0,0
41-934-7739,2024-08-20,Jewelry & Accessories,Campo Maior,In-Store,457.18,0.7289044585999345,1,2
29-374-1297,2024-06-04,Animal Feed,Nantes,Online,444.05,0.7288545504288518,1,1
37-283-9076,2024-03-10,Furniture,Valbo,In-Store,89.6,0.7288389917125359,1,1
13-792-4356,2024-10-05,Gardening & Outdoors,Tianbao,In-Store,162.31,0.7285433898600197,1,1
31-395-1286,2024-06-14,Health Supplements,Ostashkov,In-Store,197.12,0.7284769470416752,1,1
59-997-3903,2024-12-14,Arts & Crafts,Barishāl,Mixed,305.73,0.7282968410291032,1,2
94-985-5336,2024-01-11,Clothing,Gävle,Mixed,372.6,0.725781649424412,1,2
14-709-8547,2024-02-24,Furniture,Lahan Sai,In-Store,82.39,0.7246123579646085,0,0
28-969-7540,2024-06-20,Electronics,Kuçovë,Online,136.67,0.7234822578578864,0,0
82-561-4233,2024-03-19,Office Supplies,Boro Utara,Mixed,487.95,0.7232515924612277,1,2
14-603-9698,2024-11-18,Animal Feed,Hultsfred,In-Store,334.67,0.7232044907655715,1,2
60-198-5417,2024-12-03,Software & Apps,Celso Ramos,In-Store,280.2,0.7228343164999756,1,2
83-670-9273,2024-12-03,Clothing,Al Khānkah,Online,245.04,0.7226323021262372,1,2
99-080-9462,2024-03-27,Books,Saraburi,Mixed,419.53,0.7224818927573174,1,2
02-711-1034,2024-05-17,Beauty & Personal Care,Likhoy,In-Store,51.44,0.72248178807526,0,0
04-349-6759,2024-12-25,Food & Beverages,Banī Khaddāsh,In-Store,253.37,0.7215719790935521,1,2
62-493-5282,2024-06-16,Health Care,Shuigou,In-Store,256.63,0.7214082422375581,1,2
89-625-5542,2024-05-04,Electronics,Mirów,In-Store,269.84,0.7213302962859633,1,2
31-218-0024,2024-04-08,Health Supplements,Lewotola,Online,215.54,0.721215486905263,1,2
90-918-2833,2024-12-18,Furniture,Soroti,In-Store,132.67,0.7209932898760026,1,2
62-989-8214,2024-09-24,Clothing,Kaum Kaler,Online,397.78,0.7202707752413778,1,2
53-784-1855,2024-06-24,Health Supplements,Loket,Mixed,121.7,0.7202352738250204,1,2
34-846-7805,2024-11-22,Toys & Games,Gromadka,In-Store,125.89,0.7200526133057334,1,1
95-528-2313,2024-02-18,Electronics,Gudja,Mixed,449.72,0.7197342303314551,1,1
85-738-6864,2024-06-08,Mobile Accessories,Inayauan,In-Store,138.88,0.7191608683523726,1,1
07-958-2231,2024-02-10,Baby Products,Tigaherang,Mixed,335.8,0.719137544367383,1,2
00-520-4376,2024-10-03,Beauty & Personal Care,Harembo,In-Store,97.97,0.7188992190336981,0,0
50-395-1941,2024-09-22,Software & Apps,Särkisalo,Online,104.74,0.718701411966922,0,0
68-458-0904,2024-11-01,Sports & Outdoors,Pyra,Mixed,131.9,0.7186458464060195,1,2
91-532-5399,2024-12-07,Health Supplements,Bucaramanga,Mixed,295.75,0.7183068911129247,1,1
08-755-1170,2024-10-18,Furniture,Sinarwangi,In-Store,67.92,0.7180651053162699,1,1
61-286-0069,2024-03-31,Arts & Crafts,Kosh-Agach,Online,158.54,0.7179052483524607,1,2
95-525-0842,2024-11-13,Books,Delta del Tigre,Mixed,110.4,0.7176351559089587,1,1
57-000-8646,2024-04-22,Jewelry & Accessories,Purwa,In-Store,204.83,0.7172082891879131,1,1
63-964-6954,2024-04-11,Health Care,Prince Albert,Mixed,73.19,0.7170612338419086,1,2
90-569-7391,2024-04-02,Health Supplements,Skoútari,Mixed,197.9,0.7165076482671194,1,1
59-080-5779,2024-01-16,Software & Apps,Shu,Mixed,486.07,0.7157983554883177,1,2
73-827-2774,2024-09-05,Electronics,Gandapura,Online,305.29,0.7157904786792085,1,1
93-455-0576,2024-06-16,Toys & Games,Novoorsk,Mixed,437.4,0.7155751081233668,1,2
07-402-7433,2024-06-13,Health Supplements,Dagup,In-Store,354.16,0.7153801286531323,1,2
97-715-3606,2024-07-29,Animal Feed,Tayabamba,Online,78.32,0.7150893253469999,1,2
14-118-5229,2024-02-15,Books,Dayr Sharaf,Online,475.64,0.715082729503331,1,1
69-394-1424,2024-08-16,Software & Apps,Muff,In-Store,494.97,0.7144020692326054,1,1
27-100-0661,2024-08-21,Animal Feed,Las Lomas,In-Store,206.79,0.7143666082695275,1,1
66-557-1474,2024-04-09,Furniture,Līkak,Online,82.13,0.713930200119262,1,2
80-487-2550,2024-02-29,Electronics,Novokayakent,Mixed,208.6,0.7130885531908318,0,0
24-109-2173,2024-11-19,Food & Beverages,Messíni,Online,388.01,0.7128737604551698,1,1
98-585-4742,2024-02-14,Home Appliances,Ágios Andréas,Mixed,113.51,0.7121452998695881,1,2
07-966-8728,2024-03-02,Home Appliances,Franceville,Online,334.22,0.712131656337042,1,2
10-328-5732,2024-12-30,Health Supplements,Kliteh,In-Store,311.9,0.7117864475603445,0,0
78-163-4800,2024-04-20,Toys & Games,Regimin,Online,318.84,0.7112561171911319,0,0
65-457-2840,2024-12-06,Software & Apps,Maralal,In-Store,292.64,0.711077007567405,1,2
85-691-4293,2024-07-23,Software & Apps,Pangkalanbunut,Mixed,463.07,0.710956413079862,1,1
73-139-4306,2024-03-20,Luxury Goods,Puerto López,Online,139.1,0.7102730612231091,1,2
53-843-5619,2024-03-20,Gardening & Outdoors,Orsay,Online,83.21,0.7093094102096498,0,0
15-663-7994,2024-01-21,Jewelry & Accessories,Tanahmerah,Online,497.8,0.7092868426470111,1,1
28-395-9872,2024-05-07,Hotels,Blantyre,In-Store,65.68,0.7091805768539645,0,0
34-094-1923,2024-04-11,Sports & Outdoors,San Ramon,Mixed,173.46,0.7084126622986778,0,0
76-213-5806,2024-05-27,Electronics,Rende,In-Store,129.64,0.7080170260104046,1,1
54-164-2243,2024-11-02,Hotels,Benito Juarez,Online,298.73,0.7077709153998722,0,0
43-671-9834,2024-04-19,Clothing,Ranot,Mixed,149.88,0.7075340594148217,1,1
65-539-9955,2024-08-08,Health Supplements,Sertolovo,Mixed,397.25,0.7070154846255481,1,1
85-885-6579,2024-06-03,Arts & Crafts,Tirana,Mixed,346.58,0.7067832066605294,0,0
88-313-2633,2024-02-22,Furniture,Itsandzéni,In-Store,143.8,0.7056969096081941,0,0
29-392-9296,2024-04-16,Food & Beverages,Huocheng,In-Store,222.22,0.7044015406031557,1,1
29-827-8515,2024-12-23,Electronics,Xidianzi,Online,255.96,0.704067365371365,0,0
25-085-7917,2024-05-21,Hotels,Pallisa,In-Store,195.05,0.7033226417006031,0,0
32-414-1466,2024-01-27,Sports & Outdoors,Hallsberg,In-Store,73.32,0.702549879943515,1,1
77-178-6086,2024-12-11,Toys & Games,Gueltat Zemmour,In-Store,332.67,0.701935138500904,1,1
12-029-9344,2024-08-12,Toys & Games,Kihurio,In-Store,249.82,0.7006988759611767,1,2
87-518-0375,2024-02-27,Sports & Outdoors,Bistrinci,In-Store,83.33,0.6995465512889268,1,1
16-364-8096,2024-09-20,Animal Feed,Horní Suchá,Online,117.03,0.6983909635238932,1,2
45-795-1873,2024-06-16,Packages),Jagistay,Mixed,393.35,0.697857301555847,0,0
52-005-9914,2024-08-06,Mobile Accessories,Kanoni,In-Store,207.52,0.6974367670559304,1,1
84-458-6432,2024-09-15,Groceries,Mawu,Online,361.27,0.696723495417275,0,0
10-300-8072,2024-11-04,Home Appliances,Argenteuil,Online,290.53,0.696538760887453,0,0
58-059-8187,2024-07-08,Health Supplements,Ozubulu,In-Store,207.66,0.6963870722245968,1,2
15-421-1255,2024-07-03,Books,Nanqiao,In-Store,497.75,0.6962600663684857,1,2
23-985-3535,2024-02-01,Food & Beverages,Monrovia,In-Store,382.49,0.6961688688478435,1,2
49-825-3438,2024-02-27,Mobile Accessories,Vabalninkas,In-Store,435.23,0.6957419185463221,1,2
59-261-4453,2024-05-26,Furniture,Oguma,Mixed,494.81,0.6957376696311787,1,1
58-487-8848,2024-07-11,Beauty & Personal Care,Konārak,Mixed,193.32,0.6938620917378575,0,0
85-391-1888,2024-06-17,Software & Apps,Zhongdong,Mixed,413.7,0.6937591853286168,0,0
18-655-3670,2024-06-12,Office Supplies,Prostřední Bečva,In-Store,449.13,0.6933114082266734,1,2
97-505-8416,2024-11-17,Luxury Goods,Chamical,Mixed,319.39,0.6928243502396806,1,1
53-690-5759,2024-06-29,Home Appliances,Medicine Hat,Online,196.33,0.6927633408537671,0,0
22-382-9636,2024-04-18,Health Care,Kamal,Mixed,426.21,0.6925527903827271,1,2
75-964-5589,2024-08-31,Sports & Outdoors,Lipovci,Mixed,404.57,0.6923548371256506,1,2
27-613-5005,2024-06-06,Office Supplies,Fresno,Online,430.9,0.6921994933344113,0,0
59-355-5251,2024-08-26,Animal Feed,Messina,Mixed,377.77,0.6913909612120732,1,1
50-000-9588,2024-02-26,Jewelry & Accessories,Zhovkva,In-Store,437.59,0.6913894352936563,0,0
62-687-5354,2024-03-25,Health Care,Abaetetuba,Online,255.86,0.6913323942024915,0,0
20-421-2544,2024-10-17,Books,Kyŏngsŏng,In-Store,185.83,0.6910208677061946,1,2
00-264-3797,2024-04-17,Home Appliances,Chavarría,Mixed,128.01,0.6904942733895681,0,0
83-982-5300,2024-12-01,Office Supplies,Chum Phae,Mixed,310.16,0.6904768140321295,0,0
19-667-0201,2024-04-15,Home Appliances,Ormstown,Online,220.77,0.6898392223124513,1,2
05-506-7216,2024-06-20,Animal Feed,Don Carlos,Online,352.35,0.6893722903572943,1,1
17-032-6274,2024-12-07,Books,Rizal,Online,240.28,0.6884664651439942,1,2
81-877-9170,2024-07-24,Sports & Outdoors,Gegernoong,Online,157.26,0.6883946473447674,1,1
24-853-1635,2024-12-09,Jewelry & Accessories,Huangjin,Online,473.28,0.6869596761868318,1,1
42-898-6421,2024-08-04,Luxury Goods,Cervantes,Mixed,105.95,0.6862423069180981,1,1
91-053-3261,2024-11-12,Sports & Outdoors,Youcheng,Online,435.52,0.6860565187760316,1,1
36-948-6994,2024-12-19,Luxury Goods,Mgachi,Mixed,359.94,0.6859936689073238,1,1
90-272-5701,2024-06-09,Toys & Games,Semiletka,Mixed,327.32,0.6856394941293786,0,0
47-225-8686,2024-06-28,Health Care,Wrząsowice,Mixed,122.55,0.6855174367435812,1,2
62-198-2511,2024-09-29,Home Appliances,Macau,Mixed,308.54,0.6853074117012586,1,1
61-951-7929,2024-12-08,Health Supplements,Bamut,In-Store,454.15,0.6851789775669905,1,1
07-816-2673,2024-11-17,Food & Beverages,Topol’noye,Online,54.46,0.6850234661038012,1,1
34-237-3943,2024-02-29,Luxury Goods,Fangshan,Mixed,283.7,0.6838617601976958,1,1
57-345-3921,2024-10-06,Jewelry & Accessories,Mondorf-les-Bains,In-Store,393.45,0.683410187407409,1,2
09-443-7536,2024-10-07,Jewelry & Accessories,Maurisu,Mixed,183.86,0.6833066616245862,1,1
87-418-1400,2024-07-05,Clothing,Taoyuan,In-Store,293.43,0.683246602503272,0,0
14-025-2335,2024-01-02,Luxury Goods,Barg-e Matāl,Online,64.22,0.6831512791267376,1,1
71-568-0867,2024-08-04,Software & Apps,Margasari,In-Store,256.44,0.6828587202316382,1,1
56-453-8263,2024-06-06,Mobile Accessories,San Antonio Aguas Calientes,Online,266.61,0.6822578602766058,1,2
22-234-9315,2024-11-10,Jewelry & Accessories,Miyazu,Online,360.92,0.6821885988759835,0,0
21-808-2293,2024-02-15,Toys & Games,Sukumo,Online,431.78,0.6820209520963098,1,1
88-428-8409,2024-03-22,Packages),Ziniaré,Mixed,347.99,0.6811729395903369,0,0
07-211-9364,2024-10-28,Home Appliances,Dostoyevka,In-Store,91.24,0.6802496070452838,0,0
87-079-0237,2024-05-12,Hotels,Guolemude,Online,207.24,0.6799978496630165,0,0
47-266-2261,2024-10-29,Furniture,Brändö,In-Store,457.39,0.678891079962699,1,1
77-796-5786,2024-06-29,Furniture,Beiyuan,In-Store,330.36,0.6780282285451935,1,1
78-796-5651,2024-05-23,Office Supplies,Dłutów,In-Store,234.44,0.677852835258241,0,0
01-925-4021,2024-04-09,Electronics,Tambaksari,In-Store,292.08,0.6771014309966287,1,2
03-102-0288,2024-03-13,Furniture,San Isidro,In-Store,156.48,0.6769525573188531,1,2
46-230-8307,2024-11-13,Health Care,La Roche-sur-Yon,Online,485.42,0.6769281372014219,1,1
04-660-2742,2024-11-25,Animal Feed,Meijiang,In-Store,229.3,0.6767414680655316,0,0
12-851-1771,2024-10-07,Electronics,Zhukovo,Online,123.73,0.6765013801655163,1,2
25-502-1415,2024-01-11,Arts & Crafts,Longhuashan,Mixed,54.17,0.6763225017974938,1,2
18-593-8611,2024-11-07,Health Supplements,San Diego,In-Store,156.4,0.6762430633939054,1,1
00-496-3067,2024-08-29,Packages),Oslo,In-Store,249.24,0.6760556274717325,1,2
84-208-7045,2024-05-19,Books,Kazimierz Dolny,In-Store,55.73,0.6759621807761786,1,1
08-614-6177,2024-12-11,Home Appliances,Sungai Raya,In-Store,100.32,0.6758423191054861,0,0
91-789-3191,2024-11-21,Sports & Outdoors,Dake,Mixed,229.97,0.6755801883759553,1,2
06-764-5496,2024-04-28,Clothing,Tišina,In-Store,419.98,0.6755137453081965,0,0
27-843-5553,2024-03-16,Mobile Accessories,Tío Pujio,Online,314.32,0.6751670726672575,1,2
86-668-1045,2024-08-19,Office Supplies,Paris 17,Online,355.31,0.6741742168878593,1,1
13-588-5783,2024-09-19,Toys & Games,São Cristóvão,Online,126.26,0.6734935958971893,1,1
54-634-0814,2024-11-12,Furniture,Pasirjaya,In-Store,74.69,0.6730523883605177,0,0
19-184-7665,2024-09-29,Mobile Accessories,Stepnogorsk,Mixed,293.99,0.672957332588595,1,2
58-788-8938,2024-05-10,Health Supplements,Hachiōji,Mixed,427.1,0.6728625994793945,0,0
32-799-7704,2024-09-05,Health Care,Przelewice,In-Store,402.86,0.6725120329876857,0,0
07-314-2945,2024-07-03,Mobile Accessories,Tiwi,In-Store,314.36,0.6724452481466273,1,1
76-910-2337,2024-12-05,Toys & Games,Krajan Baru,Mixed,92.43,0.6718441447833874,1,2
26-028-2671,2024-11-14,Sports & Outdoors,Cigedang,Online,403.57,0.6716524660008163,1,2
96-079-9597,2024-08-11,Home Appliances,Maslog,Online,148.98,0.6714134501079242,0,0
76-982-8107,2024-10-04,Electronics,La Mohammedia,Online,85.61,0.6713739390238972,1,1
89-997-9041,2024-09-03,Office Supplies,Kudanding,Mixed,358.11,0.6711780170755705,0,0
62-644-8183,2024-10-22,Toys & Games,Haradok,Online,490.41,0.671059678908693,1,1
82-467-3300,2024-10-31,Baby Products,Podhum,Mixed,216.45,0.6709840922495819,1,2
18-518-0140,2024-11-25,Baby Products,Coro,In-Store,337.33,0.6705852928385392,0,0
23-302-7502,2024-12-14,Health Care,Alameda,Online,58.51,0.6704342679182884,0,0
00-265-0556,2024-11-01,Furniture,Qiryat Yam,Online,68.02,0.6701541858068331,1,1
35-907-0586,2024-10-27,Furniture,Kuafeu,Online,213.39,0.6683638474853667,1,2
22-692-3470,2024-06-14,Sports & Outdoors,São Cristóvão,Online,159.45,0.6681837161890524,0,0
74-478-5950,2024-02-26,Home Appliances,Luxi,Mixed,424.39,0.6680198768974919,0,0
09-216-1957,2024-07-16,Jewelry & Accessories,Leśnica,In-Store,178.04,0.6672425791132583,0,0
35-879-0014,2024-12-04,Food & Beverages,Zwedru,Mixed,107.82,0.6667879498812074,1,2
30-520-8656,2024-03-28,Health Care,San Patricio,Online,194.93,0.6657397806013232,0,0
00-477-9449,2024-07-23,Packages),White Rock,In-Store,454.39,0.665266443735097,0,0
17-763-9416,2024-10-29,Software & Apps,Tsibulev,Mixed,455.55,0.6652129865998783,0,0
24-591-4327,2024-04-11,Animal Feed,Nowe Brzesko,Online,317.09,0.6650336243270901,1,2
29-625-7057,2024-09-04,Arts & Crafts,Nesovice,Online,489.05,0.6647903909794245,1,2
85-467-6564,2024-04-10,Health Care,San Nicolas,In-Store,495.95,0.6646899690518614,1,1
52-150-4629,2024-09-16,Sports & Outdoors,Maomiaoji,In-Store,145.98,0.6642798719833523,1,2
76-620-2994,2024-09-28,Mobile Accessories,Na Muen,Mixed,482.5,0.6627276877965776,1,2
82-864-1154,2024-09-21,Health Care,Pedraza,In-Store,474.42,0.6617913589499541,1,1
67-438-2378,2024-02-14,Jewelry & Accessories,Honolulu,Online,217.62,0.6616288471930777,1,2
55-301-9368,2024-08-30,Electronics,Zamora,Mixed,360.91,0.6613892692114787,0,0
64-641-7874,2024-08-14,Packages),Providence,In-Store,481.84,0.6613688177490814,1,1
76-501-6422,2024-04-27,Home Appliances,Houston,Online,205.36,0.6595753668895152,0,0
23-794-8196,2024-04-09,Furniture,Xinchengzi,Mixed,268.28,0.6588236750086813,1,2
27-619-9264,2024-02-16,Packages),Göteborg,Online,391.87,0.6588027584907146,0,0
23-451-9920,2024-11-21,Luxury Goods,Rzeczenica,Mixed,75.91,0.6588021394174243,0,0
89-833-7175,2024-10-12,Animal Feed,Kęsowo,Mixed,209.62,0.6583915170643287,0,0
23-066-1915,2024-09-17,Software & Apps,Jiangcun,Mixed,355.28,0.6582036967648149,1,1
34-788-8387,2024-06-03,Groceries,Qingqu,In-Store,485.76,0.6581544334250998,0,0
84-538-0238,2024-12-11,Office Supplies,Harhorin,In-Store,466.74,0.657689972584769,1,2
20-562-2569,2024-07-07,Mobile Accessories,Aramayuan,Online,463.67,0.6567745314845037,1,2
20-648-1010,2024-01-05,Home Appliances,Zilang,Online,109.88,0.6553015812641595,1,1
74-509-4985,2024-06-28,Hotels,Forshaga,In-Store,211.16,0.6552618547786739,0,0
36-240-3240,2024-11-16,Baby Products,Shilin,Online,56.85,0.6548302160765193,0,0
16-070-0138,2024-07-30,Luxury Goods,Njeru,In-Store,241.1,0.6543965253811393,1,2
92-946-7398,2024-02-06,Baby Products,Vilar,In-Store,358.72,0.65428939862455,0,0
95-876-9757,2024-07-12,Health Supplements,Emar,Online,344.43,0.6541252025545529,1,2
95-999-0984,2024-12-09,Packages),Nanyaojie,In-Store,159.82,0.6534008855884752,1,2
87-727-6434,2024-07-17,Arts & Crafts,Cravo Norte,Online,73.23,0.6526758746645673,1,1
04-829-7037,2024-10-01,Arts & Crafts,Yaguaraparo,Online,70.42,0.6525593852768262,1,2
99-581-5577,2024-10-17,Gardening & Outdoors,Yläne,Mixed,422.92,0.6518626813172997,0,0
72-336-1992,2024-04-23,Groceries,Jubaoshan,Online,373.49,0.6513968152020164,0,0
58-233-5963,2024-04-11,Travel & Leisure (Flights,Gualeguay,Online,393.09,0.6484830627340566,0,0
91-761-9492,2024-09-05,Travel & Leisure (Flights,Luoting,Online,385.32,0.6484381961167727,0,0
08-806-0588,2024-06-24,Health Supplements,Al Qarārah,In-Store,434.86,0.648310085802595,0,0
81-014-4502,2024-02-14,Animal Feed,Kelīshād va Sūdarjān,Mixed,424.18,0.647733664119614,1,2
47-992-7446,2024-08-27,Electronics,Vitali,Mixed,371.19,0.6475273397651155,1,1
00-149-4481,2024-02-04,Groceries,Kabale,Mixed,464.76,0.6462750650822001,0,0
20-830-4758,2024-07-12,Luxury Goods,Strezhevoy,Mixed,286.43,0.6454508528559124,1,2
73-359-1998,2024-04-24,Mobile Accessories,Dicamay,Mixed,159.3,0.6448564988919772,0,0
79-902-8144,2024-07-25,Baby Products,Rates,Online,93.29,0.6447100121079911,0,0
18-938-9896,2024-08-09,Packages),Łeba,In-Store,422.31,0.6442540173392228,0,0
62-720-2922,2024-06-23,Home Appliances,Cabanas,Online,244.47,0.6442143300498638,1,1
77-626-7240,2024-09-09,Food & Beverages,Liushun,Mixed,86.39,0.6429298911706325,1,1
90-093-0469,2024-11-29,Health Care,Ōkuchi,Online,444.87,0.642782111165316,1,1
74-022-7557,2024-10-16,Electronics,Wŏnsan,In-Store,345.04,0.6425285138170382,0,0
55-580-7707,2024-11-29,Jewelry & Accessories,Čáslav,Mixed,245.98,0.641134075164829,0,0
65-036-2410,2024-02-04,Health Care,Paris 09,Online,369.73,0.6410335446333407,0,0
71-573-6085,2024-12-20,Luxury Goods,Trzemeszno,Mixed,132.52,0.6390229663906651,1,2
49-469-9163,2024-01-09,Jewelry & Accessories,Desakolot,Mixed,118.65,0.6388375076187408,0,0
43-616-8365,2024-06-09,Jewelry & Accessories,Kandangan,Online,483.38,0.6386764405237064,1,2
35-850-8676,2024-01-24,Luxury Goods,Sishilichengzi,Online,472.52,0.6383682557546719,1,2
47-501-3435,2024-06-27,Books,Gimcheon,Mixed,225.05,0.6378373342843513,1,1
66-085-1226,2024-02-05,Groceries,San Pascual,Mixed,432.84,0.6378256569946388,0,0
18-633-9387,2024-03-09,Animal Feed,San Bautista,In-Store,106.96,0.6369559813660882,0,0
75-845-3143,2024-12-24,Software & Apps,Rumbek,Online,490.11,0.6363162365439748,1,1
35-880-9374,2024-03-21,Arts & Crafts,Karengan,In-Store,368.91,0.6353882106165738,1,2
19-925-2376,2024-07-21,Mobile Accessories,Segodim,In-Store,162.95,0.6350313217861909,1,1
08-297-3351,2024-01-16,Health Care,Thị Trấn Than Uyên,Online,217.84,0.6346633133531079,0,0
25-285-7453,2024-09-07,Arts & Crafts,Cluses,In-Store,78.9,0.6332757832816178,0,0
13-297-9777,2024-07-26,Packages),Myshkin,Online,301.16,0.6331656241494565,1,2
31-284-5722,2024-03-19,Hotels,Jianshan,In-Store,351.71,0.6328894446240833,1,1
25-485-2023,2024-09-16,Jewelry & Accessories,Tangkilsari,In-Store,90.79,0.6328651257224469,0,0
72-393-6893,2024-04-21,Toys & Games,Villa Concepción del Tío,In-Store,432.42,0.6319416932396391,0,0
75-210-7391,2024-07-25,Packages),Kokstad,In-Store,269.78,0.6316040639791266,1,2
88-167-7129,2024-04-28,Packages),Il’inskiy,In-Store,162.22,0.6312568555302459,1,1
83-752-5439,2024-06-21,Gardening & Outdoors,Mulhouse,In-Store,399.24,0.6309850716922917,1,1
54-439-4748,2024-04-14,Health Care,Borova,Online,375.45,0.6301983877509538,1,1
67-323-7406,2024-09-27,Electronics,Yuyangguan,Mixed,197.7,0.6290265595344906,1,1
50-510-5119,2024-08-07,Beauty & Personal Care,Montecristi,Mixed,322.4,0.6285570070624715,1,2
39-952-4459,2024-02-01,Electronics,Tessalit,Online,257.37,0.6283526211452466,1,2
80-360-6324,2024-07-23,Packages),Foso,Online,302.6,0.6280019401607285,1,2
65-431-1264,2024-05-14,Books,Dhalie,Online,226.04,0.6275043760558209,0,0
42-207-5005,2024-12-06,Furniture,Santa Marta,Mixed,491.51,0.6274877558797424,1,1
04-809-8989,2024-11-08,Furniture,Zhongcun,Online,239.28,0.6267669705927382,1,2
61-453-3503,2024-09-16,Software & Apps,Qingshandi,Online,282.24,0.62646726481818,1,1
89-249-8369,2024-06-21,Furniture,Julayjilah,Mixed,465.48,0.6261404460901151,1,1
27-439-9545,2024-08-25,Toys & Games,Norrköping,Online,51.22,0.6253366726198515,1,1
21-821-6398,2024-07-09,Toys & Games,Xinquan,In-Store,142.02,0.6253088152697719,1,1
61-212-1117,2024-08-03,Packages),Pader Palwo,Mixed,419.13,0.6251859956349731,0,0
86-749-6914,2024-01-29,Beauty & Personal Care,San José Acatempa,Mixed,276.08,0.6251631820115674,1,2
89-883-2101,2024-12-09,Mobile Accessories,Ngeru,Mixed,236.99,0.6249730231921548,0,0
58-528-6262,2024-07-14,Software & Apps,Sobue,Online,138.35,0.6247331460459074,0,0
78-116-8349,2024-12-27,Sports & Outdoors,Győr,Online,238.93,0.6245218750584299,0,0
85-922-0190,2024-10-12,Toys & Games,Nanfeng,Online,206.32,0.6232647424278481,0,0
23-537-0742,2024-07-19,Furniture,Anding,Mixed,201.69,0.6226922181239744,1,2
81-926-9297,2024-08-09,Packages),Gävle,Mixed,193.94,0.621325352043944,0,0
32-457-2982,2024-04-04,Animal Feed,Proletarsk,Online,421.5,0.6211370536805669,0,0
15-711-4107,2024-08-11,Furniture,Laocheng,Mixed,87.03,0.6211280157700678,1,1
90-822-7664,2024-01-14,Animal Feed,San Carlos,Online,229.56,0.6203143154649828,0,0
64-090-3433,2024-01-02,Sports & Outdoors,Bollène,In-Store,251.93,0.618737366375055,1,2
44-949-9040,2024-11-07,Health Care,Garibaldi,In-Store,446.86,0.6180519696478701,0,0
49-037-2300,2024-10-22,Clothing,Eslāmābād,Mixed,278.21,0.6150566369412537,0,0
40-199-1803,2024-12-21,Health Supplements,Ku‘aydinah,In-Store,361.4,0.6140888008578176,0,0
07-024-4995,2024-03-11,Furniture,Holboo,In-Store,328.36,0.6139982460749616,0,0
27-463-5671,2024-06-25,Packages),Gorzyce,In-Store,53.87,0.6130554345509047,0,0
77-031-4898,2024-03-01,Software & Apps,Tancheng,In-Store,320.5,0.6120338292167724,0,0
13-015-8097,2024-05-20,Sports & Outdoors,Adelaide,Mixed,223.58,0.6104371394995316,0,0
78-613-1546,2024-06-23,Luxury Goods,Torsby,In-Store,145.02,0.6102376247174784,1,1
75-617-1460,2024-01-25,Health Supplements,Wiwilí,Mixed,66.86,0.6091598356326234,0,0
09-346-4992,2024-09-20,Electronics,Jesús Menéndez,Mixed,223.47,0.6084024473920372,0,0
91-724-4633,2024-07-07,Luxury Goods,La Unión,In-Store,146.07,0.6080212084991352,1,1
06-237-7338,2024-02-17,Toys & Games,Dhahab,Mixed,354.92,0.6071841594950506,0,0
30-735-8744,2024-03-02,Mobile Accessories,Nawu,Online,465.07,0.6061620033543522,1,1
41-816-7753,2024-07-23,Toys & Games,Götene,Mixed,150.11,0.6057654900691072,0,0
55-620-7906,2024-04-02,Software & Apps,Kiambu,Online,264.52,0.604441411567001,0,0
67-036-4295,2024-09-01,Arts & Crafts,Montceau-les-Mines,Online,260.14,0.6042207849535691,1,1
52-726-9328,2024-05-29,Office Supplies,Pingzhuang,Mixed,241.72,0.6039796016097906,0,0
46-578-1425,2024-10-20,Animal Feed,Praia,Online,64.09,0.6037087080953772,0,0
36-444-5336,2024-11-11,Food & Beverages,Jianggang,In-Store,276.25,0.6031161858664326,1,2
47-931-2642,2024-03-20,Beauty & Personal Care,Belūsovka,Online,267.85,0.6025065480920266,1,1
07-395-5818,2024-01-12,Clothing,Ḩabābah,In-Store,198.89,0.602083624650693,0,0
18-047-5540,2024-06-30,Sports & Outdoors,Kuala Lumpur,In-Store,98.02,0.6019985473119472,0,0
78-214-5658,2024-04-19,Arts & Crafts,Villavicencio,In-Store,59.15,0.6016537075582203,0,0
57-989-1487,2024-10-21,Software & Apps,Oeoh,In-Store,329.41,0.6015894695168845,1,1
50-303-1693,2024-06-04,Baby Products,Chatturat,Online,187.22,0.6015712160843981,1,1
39-274-2175,2024-05-05,Health Supplements,Hengdian,In-Store,79.1,0.59977413784762,0,0
96-140-1936,2024-12-28,Luxury Goods,Baihe,Online,477.35,0.598183473642696,1,1
10-870-3357,2024-03-15,Sports & Outdoors,Boundiali,Mixed,487.96,0.5981283256727944,0,0
82-671-7236,2024-03-03,Home Appliances,Ābdānān,Online,494.34,0.5978542122554867,1,1
96-121-0629,2024-03-13,Software & Apps,Yanshang,Mixed,303.93,0.5973185116177586,1,1
98-817-6731,2024-07-29,Health Supplements,Manwakh,Online,58.49,0.5961693852842069,0,0
00-733-8770,2024-12-08,Arts & Crafts,Narok,Online,57.5,0.5959977671379416,0,0
15-152-9751,2024-11-04,Furniture,Turkestan,Online,338.96,0.5954533185318048,1,1
33-609-0598,2024-06-17,Luxury Goods,Xinzha,Online,336.89,0.5952523234950704,1,1
21-959-5766,2024-12-15,Luxury Goods,Ma'an,Online,196.63,0.5941776954890394,1,1
81-479-0790,2024-08-26,Food & Beverages,Guadalupe,Mixed,366.16,0.5941697551310717,1,1
02-677-6735,2024-08-27,Electronics,Cianorte,Online,212.63,0.5940468728607325,0,0
94-682-4886,2024-11-28,Gardening & Outdoors,Gawul,Mixed,241.56,0.5936152970584164,0,0
94-495-3402,2024-03-29,Beauty & Personal Care,Mojogajeh,Online,235.13,0.5934309740182773,1,2
38-587-1781,2024-01-03,Health Care,Gueset,Mixed,149.42,0.5931023764056033,0,0
37-748-4988,2024-11-04,Furniture,Radā‘,In-Store,103.4,0.5930359954043939,1,1
02-676-9312,2024-04-04,Mobile Accessories,Araci,Mixed,191.21,0.5901424525068867,1,2
22-157-2494,2024-08-14,Toys & Games,Revolucion Verde,Online,289.08,0.5899111084208497,1,1
90-858-0453,2024-10-15,Sports & Outdoors,Pandean,Mixed,77.08,0.5894571917629043,0,0
32-314-2958,2024-07-24,Home Appliances,Nanhuang,Mixed,437.3,0.5891036249983569,0,0
17-246-6194,2024-02-28,Jewelry & Accessories,Dabai,Mixed,323.4,0.5890648160907735,0,0
02-055-8248,2024-04-27,Health Supplements,Martanesh,Mixed,159.53,0.5885267097000024,0,0
71-959-3896,2024-01-09,Luxury Goods,Cipari,Online,98.63,0.5877535952462797,1,1
11-975-9054,2024-04-02,Clothing,Cunha,Mixed,388.26,0.5876640539907985,0,0
74-483-2893,2024-10-30,Electronics,Yueyang,In-Store,101.29,0.5875888148461916,1,2
33-200-7615,2024-02-08,Arts & Crafts,Jiangmen,In-Store,247.3,0.5868099293833788,0,0
80-684-5072,2024-07-16,Animal Feed,Rokytne,Mixed,79.81,0.5861125287636917,0,0
43-715-8777,2024-11-19,Luxury Goods,Minneapolis,In-Store,476.63,0.5855853241768617,1,2
13-848-5757,2024-01-08,Sports & Outdoors,Longotea,Online,498.23,0.5854675982967765,0,0
31-491-8457,2024-01-25,Beauty & Personal Care,Tipaz,Online,402.82,0.5851320324771885,1,2
19-386-9088,2024-12-18,Luxury Goods,Tallahassee,In-Store,411.95,0.5847720256646324,0,0
22-414-4955,2024-11-22,Health Supplements,Dragash,In-Store,342.99,0.5844183596416248,0,0
43-172-9431,2024-03-02,Gardening & Outdoors,Lameira,In-Store,138.2,0.5834931440361549,0,0
91-857-0797,2024-08-30,Baby Products,Pinagsibaan,Online,435.37,0.5834224858498777,0,0
05-167-0833,2024-01-09,Travel & Leisure (Flights,Labège,Online,381.3,0.5830997192678311,0,0
81-820-4735,2024-06-14,Toys & Games,Banjar Medura,Mixed,468.6,0.5822307031730998,0,0
74-882-6648,2024-06-19,Arts & Crafts,Nakhchivan,In-Store,141.09,0.5821212516134842,1,2
26-828-2720,2024-06-17,Mobile Accessories,Dashuipo,In-Store,407.91,0.5818659422042333,0,0
82-304-6495,2024-09-29,Beauty & Personal Care,Labo,Mixed,459.39,0.5816025890121711,1,2
68-512-0568,2024-08-03,Books,Wolfsberg,In-Store,474.03,0.5810523851467556,0,0
07-751-9620,2024-07-07,Software & Apps,Ferreira do Alentejo,Mixed,297.45,0.5808523484069202,0,0
35-122-5020,2024-12-19,Arts & Crafts,Pukekohe East,Mixed,102.96,0.580395400737585,0,0
29-779-7209,2024-04-02,Books,Pilaya,In-Store,391.38,0.5800760500959216,0,0
48-642-5768,2024-10-17,Packages),Shchëkino,Online,273.41,0.5786586925394769,0,0
30-522-1574,2024-12-21,Health Supplements,Xincheng,In-Store,127.18,0.5786476405192322,0,0
48-980-6078,2024-10-04,Home Appliances,Wiwilí,Mixed,101.31,0.5760776530308604,0,0
64-031-2046,2024-07-17,Beauty & Personal Care,Luci,Mixed,392.27,0.5749841766025096,0,0
33-467-2534,2024-04-18,Furniture,Emiliano Zapata,Online,183.66,0.574293350704366,0,0
57-623-5362,2024-09-13,Furniture,Jilin,Mixed,209.79,0.5739708331693337,1,1
41-215-6092,2024-05-08,Books,Zubūbah,In-Store,253.37,0.5720023359811197,0,0
91-199-9097,2024-11-19,Clothing,Trhové Sviny,In-Store,340.55,0.571698144916408,0,0
68-488-7343,2024-05-23,Baby Products,Xiamayu,Mixed,401.43,0.5711494809730047,0,0
43-990-6454,2024-09-10,Jewelry & Accessories,Qorveh,Online,438.42,0.5711088247440572,0,0
09-258-0424,2024-11-25,Home Appliances,Ettelbruck,In-Store,407.29,0.5705642845936904,0,0
84-765-0748,2024-02-09,Jewelry & Accessories,Hoolt,In-Store,351.36,0.5700987103719882,1,2
22-039-6819,2024-03-17,Sports & Outdoors,Queluz,Mixed,160.47,0.5693935529769665,0,0
21-313-7424,2024-02-22,Office Supplies,Zduńska Wola,In-Store,343.81,0.5692249809165283,0,0
53-409-1176,2024-05-25,Arts & Crafts,Caruaru,In-Store,416.96,0.5685732072821779,0,0
91-603-1565,2024-11-13,Animal Feed,Shostka,Mixed,481.21,0.5682997539357194,0,0
55-876-7407,2024-12-18,Packages),Muaralabuh,Mixed,442.15,0.5681685629961349,1,2
08-584-8296,2024-02-27,Food & Beverages,Shaxi,Mixed,218.26,0.5667499998079146,0,0
28-676-0614,2024-02-28,Clothing,La Ravoire,In-Store,262.61,0.5656146925574757,0,0
58-623-8404,2024-07-24,Electronics,Pasirhuni,In-Store,81.91,0.5655170340213999,0,0
84-637-9188,2024-03-28,Jewelry & Accessories,Wuyang,Mixed,207.11,0.5651574371571626,0,0
30-083-9565,2024-03-22,Sports & Outdoors,Bokong Timur,Online,324.11,0.5648290518346143,0,0
91-570-2695,2024-02-24,Baby Products,Ţahţā,Online,83.88,0.563977343754174,0,0
62-701-1037,2024-08-23,Books,Lazarevac,Mixed,192.51,0.5634486564173591,0,0
02-725-7664,2024-10-03,Food & Beverages,Klishkivtsi,In-Store,294.61,0.5629722276481658,0,0
19-933-8095,2024-08-05,Luxury Goods,Gaosheng,In-Store,61.22,0.5629529127894994,1,1
31-088-6950,2024-04-01,Furniture,Hengshi,Mixed,116.14,0.5627341095649887,0,0
46-681-0764,2024-08-23,Luxury Goods,Muara,In-Store,114.93,0.5623340993011453,0,0
84-934-2483,2024-04-01,Arts & Crafts,Betong,Online,348.63,0.5621756917533598,0,0
79-973-7862,2024-12-25,Animal Feed,Mount Ayliff,In-Store,105.29,0.5615787984243631,0,0
19-999-0134,2024-12-06,Health Care,Hongqi,Online,353.4,0.5600752797997692,0,0
90-322-7329,2024-08-04,Luxury Goods,Buensuseso,In-Store,312.93,0.5599428956645299,0,0
37-468-8133,2024-01-30,Health Care,Cimara,Online,492.51,0.5592456949483039,0,0
56-085-0464,2024-07-31,Baby Products,Lederaba,Online,56.74,0.558829690832853,0,0
18-832-6916,2024-11-24,Animal Feed,Czarna Dąbrówka,Mixed,61.21,0.5582692539123979,0,0
41-854-0707,2024-06-03,Sports & Outdoors,Cibaregbeg,In-Store,170.35,0.5581218836600733,1,1
44-674-4037,2024-07-02,Mobile Accessories,Punta Gorda,In-Store,389.7,0.5571921519860229,0,0
36-340-8494,2024-08-25,Arts & Crafts,Perugia,Online,244.6,0.5566313180196282,0,0
91-810-3612,2024-05-28,Sports & Outdoors,Dashkawka,Online,379.2,0.5553857339009133,1,2
18-097-5707,2024-08-01,Sports & Outdoors,Dhībīn,In-Store,291.6,0.5546580397921226,0,0
23-949-1954,2024-06-20,Toys & Games,Kariya,Online,456.83,0.5538537389429694,0,0
76-148-9413,2024-08-06,Arts & Crafts,Benevides,Mixed,111.24,0.5528127308471368,0,0
04-052-5592,2024-06-11,Food & Beverages,Xiaqiao,In-Store,144.39,0.5518950512874728,0,0
95-478-2650,2024-07-10,Software & Apps,São Roque,Online,461.0,0.5516825975601941,0,0
63-304-1852,2024-05-26,Sports & Outdoors,Iñapari,Online,188.17,0.5503440812381213,1,1
25-866-7286,2024-05-10,Electronics,Carrefour,Online,211.39,0.5500973307955838,0,0
47-528-3961,2024-08-23,Gardening & Outdoors,Faīẕābād,Online,251.63,0.5494736689533449,0,0
24-371-5870,2024-09-30,Home Appliances,Masuda,Online,362.3,0.549422867949256,0,0
22-860-9860,2024-11-11,Home Appliances,Pasinan Barat,Mixed,470.38,0.5490578934223729,1,2
05-857-1572,2024-03-18,Animal Feed,Rakszawa,Mixed,421.95,0.5485070583158143,1,1
21-300-2001,2024-08-27,Luxury Goods,Ḩabīl al Jabr,Mixed,491.18,0.546171564842037,0,0
33-405-7978,2024-03-20,Software & Apps,Sigli,Mixed,288.34,0.5458474920115408,0,0
72-006-3769,2024-06-06,Packages),São Mateus do Maranhão,Mixed,446.11,0.5453726882123001,0,0
43-884-2577,2024-11-18,Health Supplements,Prince Rupert,Mixed,263.5,0.5428231422154204,0,0
53-865-9342,2024-10-05,Books,Poste de Flacq,In-Store,242.57,0.5419519896452262,0,0
53-951-2529,2024-07-11,Electronics,Burgastai,Mixed,384.26,0.5417029549803242,0,0
79-711-6779,2024-03-27,Gardening & Outdoors,Hoolt,Mixed,429.24,0.5416826585120794,0,0
14-364-4904,2024-05-20,Electronics,Guéret,Online,295.6,0.5409863293570206,0,0
42-674-3987,2024-05-10,Animal Feed,Dafeng,In-Store,443.52,0.5405212341005738,0,0
41-750-4105,2024-05-19,Books,Tingsryd,In-Store,382.94,0.5404859720929419,0,0
03-669-7519,2024-06-30,Health Supplements,Yinying,Online,209.68,0.5403332650498219,0,0
34-265-8558,2024-03-11,Food & Beverages,Antipolo,Online,429.24,0.5400493509944866,0,0
63-217-7638,2024-01-01,Arts & Crafts,Colima,Online,297.29,0.5391430361014614,0,0
47-356-9730,2024-02-04,Books,Seleuš,Online,441.73,0.5390253789887218,0,0
83-003-2165,2024-04-02,Gardening & Outdoors,Magdalena,Online,437.97,0.5388586374702156,0,0
55-569-9247,2024-04-25,Toys & Games,Göteborg,Online,279.08,0.5379982379064885,1,2
19-643-1879,2024-06-12,Food & Beverages,Kawangkoan,Online,257.86,0.5379145208545321,0,0
45-073-7243,2024-10-18,Furniture,Jindong,Mixed,356.45,0.5377938393590896,0,0
37-513-5073,2024-02-03,Electronics,Mizque,Mixed,193.76,0.535148517762542,0,0
71-473-2656,2024-09-03,Health Care,Gordon Town,Mixed,393.03,0.532790582173078,1,1
41-501-9276,2024-04-21,Sports & Outdoors,Monchegorsk,Online,455.81,0.5302334185960631,1,1
18-614-2070,2024-04-29,Baby Products,Ugra,Mixed,324.41,0.5299276581869447,0,0
76-382-7162,2024-04-21,Food & Beverages,Mahanoro,Online,454.93,0.5287150934599173,1,2
60-838-4334,2024-03-24,Books,Hongshanzui,Mixed,454.57,0.5282049437680735,0,0
27-806-4972,2024-08-07,Health Care,Obong,In-Store,469.22,0.5259082426781432,0,0
72-339-1854,2024-08-30,Furniture,Sacramento,Online,363.84,0.5246301631883079,0,0
88-000-9227,2024-08-13,Toys & Games,Shreveport,In-Store,393.48,0.5243394273947939,1,1
97-738-8095,2024-02-29,Health Supplements,Lonpao Dajah,Mixed,461.16,0.5241383917641653,0,0
66-515-3648,2024-09-18,Health Care,Magdalena,Mixed,366.77,0.5231174619825207,0,0
54-877-5699,2024-09-18,Sports & Outdoors,Madan,Online,340.31,0.5228340553663,0,0
63-625-5757,2024-07-18,Food & Beverages,Mikun’,Online,175.74,0.5211613119070192,0,0
90-144-9193,2024-03-15,Furniture,Liren,Online,486.4,0.5209708197087626,0,0
79-861-6506,2024-02-19,Toys & Games,Baturité,In-Store,352.87,0.5202304605241168,0,0
84-260-6464,2024-03-13,Mobile Accessories,Tabuc Pontevedra,In-Store,58.32,0.5187502075406576,1,1
68-129-1060,2024-12-15,Arts & Crafts,Abaeté,In-Store,92.97,0.5168207736328913,0,0
19-689-4556,2024-12-17,Luxury Goods,Przeworsk,Mixed,471.31,0.5167329177362426,0,0
40-450-4266,2024-01-26,Health Care,Sala,Mixed,61.5,0.5163838456735832,0,0
26-150-0209,2024-12-25,Clothing,Taiyigong,Mixed,82.37,0.5148085910865419,0,0
04-832-3559,2024-05-26,Beauty & Personal Care,Narol,In-Store,88.4,0.5137289002776583,0,0
27-347-7437,2024-02-17,Luxury Goods,Mineiros,Online,405.7,0.5130906400054862,1,2
34-874-7357,2024-01-02,Beauty & Personal Care,Fort Wayne,Online,281.37,0.511971876896,0,0
31-783-9785,2024-07-17,Toys & Games,Jambuwerkrajan,Online,218.65,0.5117465591689979,0,0
09-775-4058,2024-03-25,Mobile Accessories,Perzów,Online,425.21,0.5113075991451113,0,0
99-771-9310,2024-03-07,Food & Beverages,Vitoria-Gasteiz,In-Store,399.95,0.5108971032912722,1,1
64-166-9097,2024-02-24,Furniture,Fullerton,In-Store,310.17,0.5101314213755841,0,0
37-101-4922,2024-12-24,Mobile Accessories,Santa Cruz La Laguna,In-Store,76.27,0.5088372178112089,0,0
81-580-3810,2024-09-14,Food & Beverages,Créteil,Online,79.0,0.5083993847791044,1,2
61-176-8712,2024-08-31,Beauty & Personal Care,Cerro,In-Store,225.12,0.5080932246208596,0,0
48-271-1908,2024-05-21,Baby Products,Oke Ila,Online,308.58,0.5074043230516007,0,0
84-459-7736,2024-11-19,Luxury Goods,Xiluodu,Online,324.39,0.5059330960878363,1,1
30-987-7421,2024-08-01,Furniture,Estacion,Online,365.38,0.5041200349823995,0,0
13-618-9438,2024-06-13,Home Appliances,Chuquitira,Online,321.26,0.5032828084923251,0,0
76-397-3294,2024-07-14,Toys & Games,Pirané,Online,199.44,0.5025534766211815,0,0
56-782-9001,2024-02-16,Mobile Accessories,Cawayan,Online,135.65,0.5022756845180711,0,0
29-438-8126,2024-03-31,Packages),Pasirmadang,Online,462.48,0.5018431301804473,1,2
71-197-8227,2024-04-27,Electronics,Tocoa,Mixed,298.38,0.5015453079674557,0,0
33-519-4214,2024-09-12,Mobile Accessories,Hengfeng,Mixed,307.61,0.5011450276818984,0,0
